study,time_h,conc_native,conc_unit,conc_mg_L
"Abduljalil 2009, 500 mg po MD",0.3306,0.0485184826,µmol/l,0.03629
"Abduljalil 2009, 500 mg po MD",0.3314,0.133342609,µmol/l,0.099734
"Abduljalil 2009, 500 mg po MD",0.3322,0.206048533,µmol/l,0.154115
"Abduljalil 2009, 500 mg po MD",0.4958,0.07277786,µmol/l,0.054434
"Abduljalil 2009, 500 mg po MD",0.497,0.181837022,µmol/l,0.136006
"Abduljalil 2009, 500 mg po MD",0.5801,0.242437333,µmol/l,0.181332
"Abduljalil 2009, 500 mg po MD",0.7456,0.290932536,µmol/l,0.217604
"Abduljalil 2009, 500 mg po MD",0.7492,0.642346442,µmol/l,0.480445
"Abduljalil 2009, 500 mg po MD",0.7504,0.751405835,µmol/l,0.562017
"Abduljalil 2009, 500 mg po MD",0.8298,0.448475152,µmol/l,0.335439
"Abduljalil 2009, 500 mg po MD",0.9084,0.07283735,µmol/l,0.054479
"Abduljalil 2009, 500 mg po MD",0.9133,0.5454295,µmol/l,0.407956
"Abduljalil 2009, 500 mg po MD",0.9164,0.8483722,µmol/l,0.634543
"Abduljalil 2009, 500 mg po MD",0.9356,2.71449971,µmol/l,2.030319
"Abduljalil 2009, 500 mg po MD",0.9912,0.0970847,µmol/l,0.072615
"Abduljalil 2009, 500 mg po MD",1.0004,0.993796349,µmol/l,0.743313
"Abduljalil 2009, 500 mg po MD",1.1569,0.169814825,µmol/l,0.127014
"Abduljalil 2009, 500 mg po MD",1.1692,1.35735011,µmol/l,1.015235
"Abduljalil 2009, 500 mg po MD",1.3272,0.678783357,µmol/l,0.507698
"Abduljalil 2009, 500 mg po MD",1.4114,0.836325943,µmol/l,0.625533
"Abduljalil 2009, 500 mg po MD",1.4147,1.16350424,µmol/l,0.870247
"Abduljalil 2009, 500 mg po MD",1.4224,1.91480708,µmol/l,1.432186
"Abduljalil 2009, 500 mg po MD",1.4897,0.436452985,µmol/l,0.326446
"Abduljalil 2009, 500 mg po MD",1.5022,1.64822519,µmol/l,1.232796
"Abduljalil 2009, 500 mg po MD",1.5316,4.508015,µmol/l,3.371785
"Abduljalil 2009, 500 mg po MD",1.6524,0.206239715,µmol/l,0.154258
"Abduljalil 2009, 500 mg po MD",1.8244,0.8848559,µmol/l,0.661831
"Abduljalil 2009, 500 mg po MD",1.8289,1.321095,µmol/l,0.988117
"Abduljalil 2009, 500 mg po MD",1.9044,0.6425135,µmol/l,0.48057
"Abduljalil 2009, 500 mg po MD",1.9143,1.59981287,µmol/l,1.196585
"Abduljalil 2009, 500 mg po MD",1.9301,3.138766,µmol/l,2.347651
"Abduljalil 2009, 500 mg po MD",1.941,4.19300747,µmol/l,3.136174
"Abduljalil 2009, 500 mg po MD",1.9913,1.06664622,µmol/l,0.797802
"Abduljalil 2009, 500 mg po MD",1.999,1.81794238,µmol/l,1.359736
"Abduljalil 2009, 500 mg po MD",2.007,2.59347558,µmol/l,1.939799
"Abduljalil 2009, 500 mg po MD",2.0788,1.55137372,µmol/l,1.160355
"Abduljalil 2009, 500 mg po MD",2.147,0.157839432,µmol/l,0.118057
"Abduljalil 2009, 500 mg po MD",2.3235,1.27269471,µmol/l,0.951916
"Abduljalil 2009, 500 mg po MD",2.3291,1.81799591,µmol/l,1.359776
"Abduljalil 2009, 500 mg po MD",2.33,1.90281439,µmol/l,1.423216
"Abduljalil 2009, 500 mg po MD",2.3958,0.27905342,µmol/l,0.208719
"Abduljalil 2009, 500 mg po MD",2.4261,3.22366476,µmol/l,2.411151
"Abduljalil 2009, 500 mg po MD",2.4354,4.1324954,µmol/l,3.090914
"Abduljalil 2009, 500 mg po MD",2.4978,2.16943645,µmol/l,1.622637
"Abduljalil 2009, 500 mg po MD",2.5035,2.72685337,µmol/l,2.039559
"Abduljalil 2009, 500 mg po MD",2.5065,3.017675,µmol/l,2.25708
"Abduljalil 2009, 500 mg po MD",2.7467,2.30276084,µmol/l,1.722358
"Abduljalil 2009, 500 mg po MD",2.8131,0.7395869,µmol/l,0.553177
"Abduljalil 2009, 500 mg po MD",2.8274,2.13312387,µmol/l,1.595477
"Abduljalil 2009, 500 mg po MD",2.9912,2.011966,µmol/l,1.504857
"Abduljalil 2009, 500 mg po MD",3.0028,3.13892651,µmol/l,2.347771
"Abduljalil 2009, 500 mg po MD",3.0044,3.29645038,µmol/l,2.465591
"Abduljalil 2009, 500 mg po MD",3.0094,3.78116179,µmol/l,2.828133
"Abduljalil 2009, 500 mg po MD",3.0796,2.581523,µmol/l,1.930859
"Abduljalil 2009, 500 mg po MD",3.0827,2.88445759,µmol/l,2.15744
"Abduljalil 2009, 500 mg po MD",3.1601,2.3876462,µmol/l,1.785848
"Abduljalil 2009, 500 mg po MD",3.1655,2.90871048,µmol/l,2.17558
"Abduljalil 2009, 500 mg po MD",3.2395,2.08471155,µmol/l,1.559267
"Abduljalil 2009, 500 mg po MD",3.3348,3.32073,µmol/l,2.483751
"Abduljalil 2009, 500 mg po MD",3.3375,3.58732533,µmol/l,2.683152
"Abduljalil 2009, 500 mg po MD",3.4277,4.338632,µmol/l,3.245095
"Abduljalil 2009, 500 mg po MD",3.4876,2.13321757,µmol/l,1.595547
"Abduljalil 2009, 500 mg po MD",3.4929,2.65428162,µmol/l,1.985279
"Abduljalil 2009, 500 mg po MD",3.5008,3.41770172,µmol/l,2.556282
"Abduljalil 2009, 500 mg po MD",3.5687,1.99993312,µmol/l,1.495857
"Abduljalil 2009, 500 mg po MD",3.5723,2.351347,µmol/l,1.758698
"Abduljalil 2009, 500 mg po MD",3.5776,2.86029816,µmol/l,2.13937
"Abduljalil 2009, 500 mg po MD",3.6609,2.94513,µmol/l,2.20282
"Abduljalil 2009, 500 mg po MD",3.8278,3.12692022,µmol/l,2.338791
"Abduljalil 2009, 500 mg po MD",3.9014,2.25445557,µmol/l,1.686228
"Abduljalil 2009, 500 mg po MD",3.903,2.41199279,µmol/l,1.804058
"Abduljalil 2009, 500 mg po MD",3.9039,2.49681139,µmol/l,1.867499
"Abduljalil 2009, 500 mg po MD",3.9091,3.00576234,µmol/l,2.24817
"Abduljalil 2009, 500 mg po MD",3.9166,3.73281646,µmol/l,2.791973
"Abduljalil 2009, 500 mg po MD",3.9803,1.90305507,µmol/l,1.423397
"Abduljalil 2009, 500 mg po MD",3.9871,2.56953,µmol/l,1.921889
"Abduljalil 2009, 500 mg po MD",3.9947,3.30871058,µmol/l,2.474761
"Abduljalil 2009, 500 mg po MD",4.0144,5.223317,µmol/l,3.906798
"Abduljalil 2009, 500 mg po MD",4.3137,2.23028278,µmol/l,1.668148
"Abduljalil 2009, 500 mg po MD",4.4286,5.380908,µmol/l,4.024668
"Abduljalil 2009, 500 mg po MD",4.4776,2.12125134,µmol/l,1.586597
"Abduljalil 2009, 500 mg po MD",4.4848,2.824079,µmol/l,2.112279
"Abduljalil 2009, 500 mg po MD",4.4887,3.19971919,µmol/l,2.393241
"Abduljalil 2009, 500 mg po MD",4.4906,3.38149619,µmol/l,2.529202
"Abduljalil 2009, 500 mg po MD",4.4957,3.87832069,µmol/l,2.900803
"Abduljalil 2009, 500 mg po MD",4.5576,1.878909,µmol/l,1.405336
"Abduljalil 2009, 500 mg po MD",4.5629,2.38784671,µmol/l,1.785998
"Abduljalil 2009, 500 mg po MD",4.7257,2.16975737,µmol/l,1.622877
"Abduljalil 2009, 500 mg po MD",4.8112,2.46059227,µmol/l,1.840408
"Abduljalil 2009, 500 mg po MD",4.8153,2.860472,µmol/l,2.1395
"Abduljalil 2009, 500 mg po MD",4.8858,1.69718564,µmol/l,1.269416
"Abduljalil 2009, 500 mg po MD",4.8883,1.93954146,µmol/l,1.450687
"Abduljalil 2009, 500 mg po MD",4.9048,3.53907347,µmol/l,2.647062
"Abduljalil 2009, 500 mg po MD",4.9824,3.06650186,µmol/l,2.2936
"Abduljalil 2009, 500 mg po MD",4.9837,3.187673,µmol/l,2.384231
"Abduljalil 2009, 500 mg po MD",5.0055,5.308283,µmol/l,3.970348
"Abduljalil 2009, 500 mg po MD",5.0514,1.74567819,µmol/l,1.305686
"Abduljalil 2009, 500 mg po MD",5.1369,2.036513,µmol/l,1.523217
"Abduljalil 2009, 500 mg po MD",5.1455,2.87263846,µmol/l,2.1486
"Abduljalil 2009, 500 mg po MD",5.2181,1.91535532,µmol/l,1.432597
"Abduljalil 2009, 500 mg po MD",5.2201,2.109232,µmol/l,1.577607
"Abduljalil 2009, 500 mg po MD",5.3086,2.69090176,µmol/l,2.012669
"Abduljalil 2009, 500 mg po MD",5.3941,2.98173666,µmol/l,2.2302
"Abduljalil 2009, 500 mg po MD",5.4612,1.4791497,µmol/l,1.106335
"Abduljalil 2009, 500 mg po MD",5.4708,2.41222,µmol/l,1.804228
"Abduljalil 2009, 500 mg po MD",5.4754,2.86056566,µmol/l,2.13957
"Abduljalil 2009, 500 mg po MD",5.4809,3.39375615,µmol/l,2.538371
"Abduljalil 2009, 500 mg po MD",5.4991,5.16293859,µmol/l,3.861637
"Abduljalil 2009, 500 mg po MD",5.6245,1.30952466,µmol/l,0.979463
"Abduljalil 2009, 500 mg po MD",5.6304,1.89116919,µmol/l,1.414506
"Abduljalil 2009, 500 mg po MD",5.797,2.03660679,µmol/l,1.523287
"Abduljalil 2009, 500 mg po MD",5.8761,1.70944583,µmol/l,1.278586
"Abduljalil 2009, 500 mg po MD",5.9549,1.34591889,µmol/l,1.006685
"Abduljalil 2009, 500 mg po MD",5.9593,1.77005148,µmol/l,1.323916
"Abduljalil 2009, 500 mg po MD",5.9615,1.98816764,µmol/l,1.487057
"Abduljalil 2009, 500 mg po MD",5.9628,2.10933876,µmol/l,1.577687
"Abduljalil 2009, 500 mg po MD",5.9682,2.64251614,µmol/l,1.976479
"Abduljalil 2009, 500 mg po MD",5.9715,2.95757747,µmol/l,2.21213
"Abduljalil 2009, 500 mg po MD",5.98,3.78158975,µmol/l,2.828453
"Abduljalil 2009, 500 mg po MD",5.9914,4.89642334,µmol/l,3.662296
"Abduljalil 2009, 500 mg po MD",7.6829,0.8735838,µmol/l,0.6534
"Abduljalil 2009, 500 mg po MD",7.8496,1.04325557,µmol/l,0.780307
"Abduljalil 2009, 500 mg po MD",7.8516,1.23713887,µmol/l,0.925322
"Abduljalil 2009, 500 mg po MD",7.9356,1.38256574,µmol/l,1.034095
"Abduljalil 2009, 500 mg po MD",7.9368,1.49162376,µmol/l,1.115665
"Abduljalil 2009, 500 mg po MD",7.9379,1.6006819,µmol/l,1.197235
"Abduljalil 2009, 500 mg po MD",7.9401,1.81879807,µmol/l,1.360376
"Abduljalil 2009, 500 mg po MD",7.9422,2.024801,µmol/l,1.514457
"Abduljalil 2009, 500 mg po MD",7.9593,3.684939,µmol/l,2.756163
"Abduljalil 2009, 500 mg po MD",8.0176,1.33410525,µmol/l,0.997849
"Abduljalil 2009, 500 mg po MD",11.8859,0.365246326,µmol/l,0.273187
"Abduljalil 2009, 500 mg po MD",11.8865,0.425834626,µmol/l,0.318504
"Abduljalil 2009, 500 mg po MD",11.8875,0.5227769,µmol/l,0.391013
"Abduljalil 2009, 500 mg po MD",11.8881,0.5833652,µmol/l,0.43633
"Abduljalil 2009, 500 mg po MD",11.8896,0.72877866,µmol/l,0.545092
"Abduljalil 2009, 500 mg po MD",11.983,1.78303361,µmol/l,1.333626
"Abduljalil 2009, 500 mg po MD",12.0554,0.8015081,µmol/l,0.599491
"Abduljalil 2009, 500 mg po MD",12.0561,0.8742148,µmol/l,0.653872
"Abduljalil 2009, 500 mg po MD",12.057,0.959038734,µmol/l,0.717316
"Abduljalil 2009, 500 mg po MD",12.1403,1.03175747,µmol/l,0.771707
"Abduljalil 2009, 500 mg po MD",23.9393,0.9728712,µmol/l,0.727662
"Abduljalil 2009, 500 mg po MD",23.9434,1.37275219,µmol/l,1.026755
"Abduljalil 2009, 500 mg po MD",24.0208,0.8759409,µmol/l,0.655163
"Abduljalil 2009, 500 mg po MD",24.1074,1.2758379,µmol/l,0.954267
"Abduljalil 2009, 500 mg po MD",24.1099,1.51818967,µmol/l,1.135535
"Abduljalil 2009, 500 mg po MD",24.1185,2.354315,µmol/l,1.760918
"Abduljalil 2009, 500 mg po MD",24.2663,0.682092369,µmol/l,0.510173
"Abduljalil 2009, 500 mg po MD",24.2736,1.38491881,µmol/l,1.035855
"Abduljalil 2009, 500 mg po MD",24.3524,1.02140117,µmol/l,0.76396
"Abduljalil 2009, 500 mg po MD",24.3531,1.09410787,µmol/l,0.818342
"Abduljalil 2009, 500 mg po MD",24.4329,0.8275286,µmol/l,0.618953
"Abduljalil 2009, 500 mg po MD",24.4366,1.1910609,µmol/l,0.890858
"Abduljalil 2009, 500 mg po MD",24.4374,1.2637676,µmol/l,0.945239
"Abduljalil 2009, 500 mg po MD",24.4406,1.57882214,µmol/l,1.180885
"Abduljalil 2009, 500 mg po MD",24.447,2.19683123,µmol/l,1.643127
"Abduljalil 2009, 500 mg po MD",24.7664,1.16687346,µmol/l,0.872767
"Abduljalil 2009, 500 mg po MD",24.768,1.324404,µmol/l,0.990592
"Abduljalil 2009, 500 mg po MD",24.8497,1.23959219,µmol/l,0.927157
"Abduljalil 2009, 500 mg po MD",24.8539,1.6515944,µmol/l,1.235316
"Abduljalil 2009, 500 mg po MD",24.8549,1.74853933,µmol/l,1.307826
"Abduljalil 2009, 500 mg po MD",24.863,2.5361855,µmol/l,1.896949
"Abduljalil 2009, 500 mg po MD",25.0167,1.43350494,µmol/l,1.072195
"Abduljalil 2009, 500 mg po MD",25.0264,2.37868834,µmol/l,1.779148
"Abduljalil 2009, 500 mg po MD",25.0952,1.0457437,µmol/l,0.782168
"Abduljalil 2009, 500 mg po MD",25.1075,2.23327756,µmol/l,1.670388
"Abduljalil 2009, 500 mg po MD",25.265,1.506237,µmol/l,1.126595
"Abduljalil 2009, 500 mg po MD",25.3635,3.05731678,µmol/l,2.28673
"Abduljalil 2009, 500 mg po MD",25.4426,2.73015571,µmol/l,2.042029
"Abduljalil 2009, 500 mg po MD",25.5309,3.287586,µmol/l,2.458961
"Abduljalil 2009, 500 mg po MD",25.6766,1.40935886,µmol/l,1.054135
"Abduljalil 2009, 500 mg po MD",25.6777,1.518417,µmol/l,1.135705
"Abduljalil 2009, 500 mg po MD",25.9483,3.760238,µmol/l,2.812483
"Abduljalil 2009, 500 mg po MD",25.9528,4.19647026,µmol/l,3.138764
"Abduljalil 2009, 500 mg po MD",26.0071,1.45787823,µmol/l,1.090425
"Abduljalil 2009, 500 mg po MD",26.0093,1.6638813,µmol/l,1.244506
"Abduljalil 2009, 500 mg po MD",26.0104,1.77293932,µmol/l,1.326076
"Abduljalil 2009, 500 mg po MD",26.0326,3.92988825,µmol/l,2.939373
"Abduljalil 2009, 500 mg po MD",26.0858,1.08223951,µmol/l,0.809465
"Abduljalil 2009, 500 mg po MD",26.0991,2.37883544,µmol/l,1.779258
"Abduljalil 2009, 500 mg po MD",26.2561,1.59120262,µmol/l,1.190145
"Abduljalil 2009, 500 mg po MD",26.2721,3.15439534,µmol/l,2.359341
"Abduljalil 2009, 500 mg po MD",26.4237,1.84569824,µmol/l,1.380496
"Abduljalil 2009, 500 mg po MD",26.4347,2.91206622,µmol/l,2.17809
"Abduljalil 2009, 500 mg po MD",26.4521,4.6085434,µmol/l,3.446976
"Abduljalil 2009, 500 mg po MD",26.4561,4.99630976,µmol/l,3.737007
"Abduljalil 2009, 500 mg po MD",26.6012,3.057504,µmol/l,2.286871
"Abduljalil 2009, 500 mg po MD",26.6852,3.202928,µmol/l,2.395641
"Abduljalil 2009, 500 mg po MD",26.759,2.354703,µmol/l,1.761208
"Abduljalil 2009, 500 mg po MD",26.918,1.77307308,µmol/l,1.326176
"Abduljalil 2009, 500 mg po MD",26.9395,3.85731673,µmol/l,2.885093
"Abduljalil 2009, 500 mg po MD",27.0079,2.48802733,µmol/l,1.860929
"Abduljalil 2009, 500 mg po MD",27.0138,3.05755734,µmol/l,2.28691
"Abduljalil 2009, 500 mg po MD",27.0321,4.838866,µmol/l,3.619246
"Abduljalil 2009, 500 mg po MD",27.0403,5.638639,µmol/l,4.217439
"Abduljalil 2009, 500 mg po MD",27.1053,3.9300487,µmol/l,2.939493
"Abduljalil 2009, 500 mg po MD",27.181,3.27570033,µmol/l,2.450071
"Abduljalil 2009, 500 mg po MD",27.2668,3.59077477,µmol/l,2.685732
"Abduljalil 2009, 500 mg po MD",27.4184,2.28209114,µmol/l,1.706898
"Abduljalil 2009, 500 mg po MD",27.4256,2.98491883,µmol/l,2.23258
"Abduljalil 2009, 500 mg po MD",27.4313,3.54233575,µmol/l,2.649502
"Abduljalil 2009, 500 mg po MD",27.5258,4.705649,µmol/l,3.519606
"Abduljalil 2009, 500 mg po MD",27.5423,6.305181,µmol/l,4.715982
"Abduljalil 2009, 500 mg po MD",27.5898,2.90011358,µmol/l,2.16915
"Abduljalil 2009, 500 mg po MD",27.5921,3.13035631,µmol/l,2.341361
"Abduljalil 2009, 500 mg po MD",27.6068,4.560238,µmol/l,3.410846
"Abduljalil 2009, 500 mg po MD",27.6094,4.81472,µmol/l,3.601186
"Abduljalil 2009, 500 mg po MD",27.9312,4.00287437,µmol/l,2.993963
"Abduljalil 2009, 500 mg po MD",28.0015,2.81534863,µmol/l,2.10575
"Abduljalil 2009, 500 mg po MD",28.0026,2.92440677,µmol/l,2.18732
"Abduljalil 2009, 500 mg po MD",28.0034,3.00923848,µmol/l,2.25077
"Abduljalil 2009, 500 mg po MD",28.0062,3.27582049,µmol/l,2.450161
"Abduljalil 2009, 500 mg po MD",28.0796,2.39124274,µmol/l,1.788538
"Abduljalil 2009, 500 mg po MD",28.0906,3.45759749,µmol/l,2.586122
"Abduljalil 2009, 500 mg po MD",28.1028,4.645137,µmol/l,3.474346
"Abduljalil 2009, 500 mg po MD",28.1199,6.30527449,µmol/l,4.716051
"Abduljalil 2009, 500 mg po MD",28.3372,3.3728056,µmol/l,2.522701
"Abduljalil 2009, 500 mg po MD",28.412,2.62152553,µmol/l,1.960779
"Abduljalil 2009, 500 mg po MD",28.498,2.96083951,µmol/l,2.21457
"Abduljalil 2009, 500 mg po MD",28.5038,3.51824331,µmol/l,2.631482
"Abduljalil 2009, 500 mg po MD",28.5054,3.67578053,µmol/l,2.749313
"Abduljalil 2009, 500 mg po MD",28.5136,4.475553,µmol/l,3.347505
"Abduljalil 2009, 500 mg po MD",28.5338,6.438626,µmol/l,4.815792
"Abduljalil 2009, 500 mg po MD",28.583,3.20319533,µmol/l,2.395841
"Abduljalil 2009, 500 mg po MD",28.5915,4.027208,µmol/l,3.012164
"Abduljalil 2009, 500 mg po MD",28.598,4.65733,µmol/l,3.483466
"Abduljalil 2009, 500 mg po MD",28.6572,2.39132285,µmol/l,1.788598
"Abduljalil 2009, 500 mg po MD",28.8301,3.15476966,µmol/l,2.359621
"Abduljalil 2009, 500 mg po MD",28.8598,6.038786,µmol/l,4.516731
"Abduljalil 2009, 500 mg po MD",28.916,3.48195744,µmol/l,2.604342
"Abduljalil 2009, 500 mg po MD",28.9244,4.30595636,µmol/l,3.220655
"Abduljalil 2009, 500 mg po MD",28.996,3.239615,µmol/l,2.423081
"Abduljalil 2009, 500 mg po MD",29.0053,4.14844561,µmol/l,3.102844
"Abduljalil 2009, 500 mg po MD",29.0687,2.28231835,µmol/l,1.707068
"Abduljalil 2009, 500 mg po MD",29.0745,2.85186172,µmol/l,2.13306
"Abduljalil 2009, 500 mg po MD",29.0803,3.40927863,µmol/l,2.549982
"Abduljalil 2009, 500 mg po MD",29.1557,2.71857738,µmol/l,2.033369
"Abduljalil 2009, 500 mg po MD",29.2359,2.50046134,µmol/l,1.870229
"Abduljalil 2009, 500 mg po MD",29.3271,3.3366,µmol/l,2.495621
"Abduljalil 2009, 500 mg po MD",29.4162,3.978849,µmol/l,2.975994
"Abduljalil 2009, 500 mg po MD",29.4336,5.675339,µmol/l,4.244889
"Abduljalil 2009, 500 mg po MD",29.4947,3.59109569,µmol/l,2.685972
"Abduljalil 2009, 500 mg po MD",29.5611,2.02791619,µmol/l,1.516787
"Abduljalil 2009, 500 mg po MD",29.5675,2.64592552,µmol/l,1.979029
"Abduljalil 2009, 500 mg po MD",29.5696,2.85192871,µmol/l,2.13311
"Abduljalil 2009, 500 mg po MD",29.5781,3.67592764,µmol/l,2.749423
"Abduljalil 2009, 500 mg po MD",29.6465,2.30663824,µmol/l,1.725258
"Abduljalil 2009, 500 mg po MD",29.7432,3.68808079,µmol/l,2.758513
"Abduljalil 2009, 500 mg po MD",29.8243,3.54267,µmol/l,2.649752
"Abduljalil 2009, 500 mg po MD",29.9048,3.34880662,µmol/l,2.504751
"Abduljalil 2009, 500 mg po MD",29.9751,2.16128087,µmol/l,1.616537
"Abduljalil 2009, 500 mg po MD",29.9858,3.20339584,µmol/l,2.395991
"Abduljalil 2009, 500 mg po MD",30.0047,5.045297,µmol/l,3.773647
"Abduljalil 2009, 500 mg po MD",30.0561,2.01587,µmol/l,1.507777
"Abduljalil 2009, 500 mg po MD",30.0583,2.23399949,µmol/l,1.670928
"Abduljalil 2009, 500 mg po MD",30.0615,2.53693438,µmol/l,1.897509
"Abduljalil 2009, 500 mg po MD",30.0631,2.6944716,µmol/l,2.015339
"Abduljalil 2009, 500 mg po MD",30.0641,2.79141665,µmol/l,2.08785
"Abduljalil 2009, 500 mg po MD",30.074,3.76082635,µmol/l,2.812923
"Abduljalil 2009, 500 mg po MD",30.2326,3.13073063,µmol/l,2.341641
"Abduljalil 2009, 500 mg po MD",35.8217,0.9988208,µmol/l,0.747071
"Abduljalil 2009, 500 mg po MD",35.982,0.5383702,µmol/l,0.402676
"Abduljalil 2009, 500 mg po MD",35.9838,0.720136344,µmol/l,0.538628
"Abduljalil 2009, 500 mg po MD",35.9877,1.09578586,µmol/l,0.819597
"Abduljalil 2009, 500 mg po MD",35.9887,1.19272816,µmol/l,0.892105
"Abduljalil 2009, 500 mg po MD",35.9899,1.31390464,µmol/l,0.982739
"Abduljalil 2009, 500 mg po MD",35.9922,1.53202748,µmol/l,1.145885
"Abduljalil 2009, 500 mg po MD",36.0857,2.59839559,µmol/l,1.943479
"Abduljalil 2009, 500 mg po MD",47.8756,1.65491009,µmol/l,1.237796
"Abduljalil 2009, 500 mg po MD",47.9497,0.843039,µmol/l,0.630554
"Abduljalil 2009, 500 mg po MD",47.9506,0.927864134,µmol/l,0.693999
"Abduljalil 2009, 500 mg po MD",47.9531,1.17021859,µmol/l,0.875269
"Abduljalil 2009, 500 mg po MD",47.9595,1.78822112,µmol/l,1.337506
"Abduljalil 2009, 500 mg po MD",47.972,3.012113,µmol/l,2.25292
"Abduljalil 2009, 500 mg po MD",48.0341,1.02481711,µmol/l,0.766515
"Abduljalil 2009, 500 mg po MD",48.038,1.400468,µmol/l,1.047485
"Abduljalil 2009, 500 mg po MD",48.0394,1.53376567,µmol/l,1.147185
"Abduljalil 2009, 500 mg po MD",59.8422,1.85052478,µmol/l,1.384106
"Abduljalil 2009, 500 mg po MD",59.9231,1.69300091,µmol/l,1.266286
"Abduljalil 2009, 500 mg po MD",59.998,0.9538365,µmol/l,0.713425
"Abduljalil 2009, 500 mg po MD",59.9991,1.06289589,µmol/l,0.794997
"Abduljalil 2009, 500 mg po MD",60.0196,3.0502038,µmol/l,2.28141
"Abduljalil 2009, 500 mg po MD",60.0823,1.12349761,µmol/l,0.840324
"Abduljalil 2009, 500 mg po MD",60.0833,1.22043848,µmol/l,0.912831
"Abduljalil 2009, 500 mg po MD",60.085,1.390093,µmol/l,1.039725
"Abduljalil 2009, 500 mg po MD",71.968,1.47662282,µmol/l,1.104445
"Abduljalil 2009, 500 mg po MD",71.9783,2.47028542,µmol/l,1.847658
"Abduljalil 2009, 500 mg po MD",72.0544,1.85228956,µmol/l,1.385426
"Abduljalil 2009, 500 mg po MD",72.0659,2.96712351,µmol/l,2.21927
"Abduljalil 2009, 500 mg po MD",72.1295,1.12523437,µmol/l,0.841623
"Abduljalil 2009, 500 mg po MD",72.1304,1.22217667,µmol/l,0.914131
"Abduljalil 2009, 500 mg po MD",72.1346,1.6220603,µmol/l,1.213226
"Abduljalil 2009, 500 mg po MD",72.2915,0.8344328,µmol/l,0.624117
"Abduljalil 2009, 500 mg po MD",72.2935,1.02831745,µmol/l,0.769134
"Abduljalil 2009, 500 mg po MD",72.2972,1.39184439,µmol/l,1.041035
"Abduljalil 2009, 500 mg po MD",72.3037,2.0219667,µmol/l,1.512337
"Abduljalil 2009, 500 mg po MD",72.3099,2.627863,µmol/l,1.965519
"Abduljalil 2009, 500 mg po MD",72.3872,2.118925,µmol/l,1.584857
"Abduljalil 2009, 500 mg po MD",72.461,1.27069592,µmol/l,0.950421
"Abduljalil 2009, 500 mg po MD",72.4647,1.63422692,µmol/l,1.222326
"Abduljalil 2009, 500 mg po MD",72.4664,1.79176414,µmol/l,1.340156
"Abduljalil 2009, 500 mg po MD",72.5453,1.44035029,µmol/l,1.077315
"Abduljalil 2009, 500 mg po MD",72.622,0.8829521,µmol/l,0.660407
"Abduljalil 2009, 500 mg po MD",72.6244,1.113188,µmol/l,0.832613
"Abduljalil 2009, 500 mg po MD",72.7078,1.19802523,µmol/l,0.896067
"Abduljalil 2009, 500 mg po MD",72.711,1.51308239,µmol/l,1.131715
"Abduljalil 2009, 500 mg po MD",72.7261,2.97933,µmol/l,2.2284
"Abduljalil 2009, 500 mg po MD",72.7881,0.9799171,µmol/l,0.732932
"Abduljalil 2009, 500 mg po MD",72.7959,1.74333847,µmol/l,1.303936
"Abduljalil 2009, 500 mg po MD",72.9546,1.12535465,µmol/l,0.841713
"Abduljalil 2009, 500 mg po MD",72.9622,1.8645364,µmol/l,1.394586
"Abduljalil 2009, 500 mg po MD",72.9636,1.99783409,µmol/l,1.494287
"Abduljalil 2009, 500 mg po MD",73.1221,1.36773849,µmol/l,1.023005
"Abduljalil 2009, 500 mg po MD",73.125,1.646447,µmol/l,1.231466
"Abduljalil 2009, 500 mg po MD",73.2979,2.4098804,µmol/l,1.802478
"Abduljalil 2009, 500 mg po MD",73.2989,2.50682521,µmol/l,1.874988
"Abduljalil 2009, 500 mg po MD",73.3068,3.28235841,µmol/l,2.455051
"Abduljalil 2009, 500 mg po MD",73.4474,0.9073066,µmol/l,0.678623
"Abduljalil 2009, 500 mg po MD",73.4483,0.9921305,µmol/l,0.742067
"Abduljalil 2009, 500 mg po MD",73.4578,1.91308248,µmol/l,1.430897
"Abduljalil 2009, 500 mg po MD",73.4609,2.216017,µmol/l,1.657477
"Abduljalil 2009, 500 mg po MD",73.4635,2.47049928,µmol/l,1.847818
"Abduljalil 2009, 500 mg po MD",73.619,1.53745568,µmol/l,1.149945
"Abduljalil 2009, 500 mg po MD",73.6414,3.71864438,µmol/l,2.781373
"Abduljalil 2009, 500 mg po MD",73.7154,2.89464545,µmol/l,2.16506
"Abduljalil 2009, 500 mg po MD",73.9566,2.27667618,µmol/l,1.702848
"Abduljalil 2009, 500 mg po MD",73.9688,3.46421552,µmol/l,2.591072
"Abduljalil 2009, 500 mg po MD",74.0285,1.24668622,µmol/l,0.932463
"Abduljalil 2009, 500 mg po MD",74.042,2.555398,µmol/l,1.911319
"Abduljalil 2009, 500 mg po MD",74.0444,2.78564072,µmol/l,2.083529
"Abduljalil 2009, 500 mg po MD",74.0461,2.955291,µmol/l,2.21042
"Abduljalil 2009, 500 mg po MD",74.0475,3.08857536,µmol/l,2.31011
"Abduljalil 2009, 500 mg po MD",74.2186,3.68237185,µmol/l,2.754243
"Abduljalil 2009, 500 mg po MD",74.2985,3.42791629,µmol/l,2.563922
"Abduljalil 2009, 500 mg po MD",74.3055,4.10650444,µmol/l,3.071474
"Abduljalil 2009, 500 mg po MD",74.4621,3.28251886,µmol/l,2.455171
"Abduljalil 2009, 500 mg po MD",74.4628,3.35522437,µmol/l,2.509551
"Abduljalil 2009, 500 mg po MD",74.5346,2.31312251,µmol/l,1.730108
"Abduljalil 2009, 500 mg po MD",74.562,4.9790225,µmol/l,3.724077
"Abduljalil 2009, 500 mg po MD",74.6094,1.561829,µmol/l,1.168175
"Abduljalil 2009, 500 mg po MD",74.6268,3.25831938,µmol/l,2.437071
"Abduljalil 2009, 500 mg po MD",74.6364,4.191376,µmol/l,3.134954
"Abduljalil 2009, 500 mg po MD",74.6373,4.2762084,µmol/l,3.198405
"Abduljalil 2009, 500 mg po MD",74.7074,3.06444287,µmol/l,2.29206
"Abduljalil 2009, 500 mg po MD",74.7241,4.6882143,µmol/l,3.506566
"Abduljalil 2009, 500 mg po MD",74.8915,4.91848373,µmol/l,3.678797
"Abduljalil 2009, 500 mg po MD",74.9613,3.68247867,µmol/l,2.754322
"Abduljalil 2009, 500 mg po MD",75.0259,1.94966245,µmol/l,1.458257
"Abduljalil 2009, 500 mg po MD",75.0508,4.36108,µmol/l,3.261885
"Abduljalil 2009, 500 mg po MD",75.0515,4.43379927,µmol/l,3.316275
"Abduljalil 2009, 500 mg po MD",75.1157,2.65250349,µmol/l,1.983949
"Abduljalil 2009, 500 mg po MD",75.1289,3.93697429,µmol/l,2.944673
"Abduljalil 2009, 500 mg po MD",75.1409,5.100274,µmol/l,3.814767
"Abduljalil 2009, 500 mg po MD",75.2027,3.08874917,µmol/l,2.31024
"Abduljalil 2009, 500 mg po MD",75.2947,4.0097065,µmol/l,2.999074
"Abduljalil 2009, 500 mg po MD",75.448,2.87065983,µmol/l,2.14712
"Abduljalil 2009, 500 mg po MD",75.4694,4.954917,µmol/l,3.706047
"Abduljalil 2009, 500 mg po MD",75.4767,5.65774441,µmol/l,4.231729
"Abduljalil 2009, 500 mg po MD",75.535,3.30691886,µmol/l,2.473421
"Abduljalil 2009, 500 mg po MD",75.6221,3.75527787,µmol/l,2.808773
"Abduljalil 2009, 500 mg po MD",75.6311,4.62775564,µmol/l,3.461346
"Abduljalil 2009, 500 mg po MD",75.636,5.100354,µmol/l,3.814827
"Abduljalil 2009, 500 mg po MD",75.7066,3.949181,µmol/l,2.953803
"Abduljalil 2009, 500 mg po MD",75.7843,3.476596,µmol/l,2.600332
"Abduljalil 2009, 500 mg po MD",75.9458,3.137322,µmol/l,2.346571
"Abduljalil 2009, 500 mg po MD",75.9529,3.82803655,µmol/l,2.863193
"Abduljalil 2009, 500 mg po MD",75.9604,4.555104,µmol/l,3.407006
"Abduljalil 2009, 500 mg po MD",75.9742,5.900167,µmol/l,4.41305
"Abduljalil 2009, 500 mg po MD",76.0301,3.30698586,µmol/l,2.473471
"Abduljalil 2009, 500 mg po MD",76.0401,4.27640867,µmol/l,3.198554
"Abduljalil 2009, 500 mg po MD",76.109,2.95558524,µmol/l,2.21064
"Abduljalil 2009, 500 mg po MD",76.1296,4.95501041,µmol/l,3.706117
"Abduljalil 2009, 500 mg po MD",76.207,4.458199,µmol/l,3.334525
"Abduljalil 2009, 500 mg po MD",76.2764,3.18584132,µmol/l,2.382861
"Abduljalil 2009, 500 mg po MD",76.3639,3.67056632,µmol/l,2.745413
"Abduljalil 2009, 500 mg po MD",76.4634,5.31859064,µmol/l,3.978058
"Abduljalil 2009, 500 mg po MD",76.5262,3.40399766,µmol/l,2.546032
"Abduljalil 2009, 500 mg po MD",76.6104,3.57366133,µmol/l,2.672932
"Abduljalil 2009, 500 mg po MD",76.6175,4.264376,µmol/l,3.189555
"Abduljalil 2009, 500 mg po MD",76.6382,6.275914,µmol/l,4.694091
"Abduljalil 2009, 500 mg po MD",76.6959,3.86449623,µmol/l,2.890463
"Abduljalil 2009, 500 mg po MD",76.7704,3.07685018,µmol/l,2.301341
"Abduljalil 2009, 500 mg po MD",76.9368,3.21017456,µmol/l,2.401061
"Abduljalil 2009, 500 mg po MD",76.9375,3.28287983,µmol/l,2.455441
"Abduljalil 2009, 500 mg po MD",76.9632,5.77912951,µmol/l,4.32252
"Abduljalil 2009, 500 mg po MD",77.028,4.05842638,µmol/l,3.035514
"Abduljalil 2009, 500 mg po MD",77.1043,3.452557,µmol/l,2.582352
"Abduljalil 2009, 500 mg po MD",77.1111,4.119032,µmol/l,3.080844
"Abduljalil 2009, 500 mg po MD",77.1137,4.373501,µmol/l,3.271175
"Abduljalil 2009, 500 mg po MD",77.119,4.882452,µmol/l,3.651847
"Abduljalil 2009, 500 mg po MD",77.2657,3.10116982,µmol/l,2.319531
"Abduljalil 2009, 500 mg po MD",77.4361,3.62224746,µmol/l,2.709272
"Abduljalil 2009, 500 mg po MD",77.4463,4.61591,µmol/l,3.452486
"Abduljalil 2009, 500 mg po MD",77.5106,2.84672761,µmol/l,2.12922
"Abduljalil 2009, 500 mg po MD",77.5216,3.91308236,µmol/l,2.926803
"Abduljalil 2009, 500 mg po MD",77.592,2.737683,µmol/l,2.047659
"Abduljalil 2009, 500 mg po MD",77.5949,3.01639152,µmol/l,2.25612
"Abduljalil 2009, 500 mg po MD",77.605,3.99792767,µmol/l,2.990264
"Abduljalil 2009, 500 mg po MD",77.7057,5.7671237,µmol/l,4.31354
"Abduljalil 2009, 500 mg po MD",77.7736,4.34935474,µmol/l,3.253115
"Abduljalil 2009, 500 mg po MD",77.9264,3.16184235,µmol/l,2.364911
"Abduljalil 2009, 500 mg po MD",77.9434,4.80985355,µmol/l,3.597546
"Abduljalil 2009, 500 mg po MD",78.0057,2.84679461,µmol/l,2.12927
"Abduljalil 2009, 500 mg po MD",78.087,2.72563672,µmol/l,2.038649
"Abduljalil 2009, 500 mg po MD",78.0969,3.69504642,µmol/l,2.763723
"Abduljalil 2009, 500 mg po MD",78.1007,4.0585866,µmol/l,3.035634
"Abduljalil 2009, 500 mg po MD",78.1153,5.47635555,µmol/l,4.096059
"Abduljalil 2009, 500 mg po MD",78.2542,2.94377971,µmol/l,2.20181
"Abduljalil 2009, 500 mg po MD",79.9839,2.64108562,µmol/l,1.975409
"Abduljalil 2009, 500 mg po MD",80.0612,2.13214779,µmol/l,1.594747
"Abduljalil 2009, 500 mg po MD",80.0618,2.1927402,µmol/l,1.640067
"Abduljalil 2009, 500 mg po MD",80.0626,2.26544547,µmol/l,1.694448
"Abduljalil 2009, 500 mg po MD",80.0703,3.01673913,µmol/l,2.25638
"Abduljalil 2009, 500 mg po MD",80.0799,3.94980955,µmol/l,2.954273
"Abduljalil 2009, 500 mg po MD",80.1415,1.9140451,µmol/l,1.431617
"Abduljalil 2009, 500 mg po MD",80.1708,4.76170874,µmol/l,3.561536
"Abduljalil 2009, 500 mg po MD",83.8608,2.50834942,µmol/l,1.876128
"Abduljalil 2009, 500 mg po MD",84.0106,1.03000736,µmol/l,0.770398
"Abduljalil 2009, 500 mg po MD",84.0122,1.18753791,µmol/l,0.888223
"Abduljalil 2009, 500 mg po MD",84.0133,1.29659736,µmol/l,0.969794
"Abduljalil 2009, 500 mg po MD",84.0142,1.38141584,µmol/l,1.033235
"Abduljalil 2009, 500 mg po MD",84.0941,1.1269604,µmol/l,0.842914
"Abduljalil 2009, 500 mg po MD",84.0975,1.45413458,µmol/l,1.087625
"Abduljalil 2009, 500 mg po MD",84.1743,0.8967364,µmol/l,0.670717
"Abduljalil 2009, 500 mg po MD",84.1868,2.120623,µmol/l,1.586127
"Chu 1991, 250 mg iv",0.364,2.53346,µmol/l,1.89491
"Chu 1991, 250 mg iv",0.7467,3.7098434,µmol/l,2.77479
"Chu 1991, 250 mg iv",1.0556,2.337873,µmol/l,1.74862
"Chu 1991, 250 mg iv",1.5092,1.94611049,µmol/l,1.4556
"Chu 1991, 250 mg iv",2.5416,1.47931671,µmol/l,1.10646
"Chu 1991, 250 mg iv",3.9809,1.012777,µmol/l,0.75751
"Chu 1991, 250 mg iv",6.0022,0.5767632,µmol/l,0.431392
"Chu 1991, 250 mg iv",7.9714,0.3518187,µmol/l,0.263144
"Chu 1991, 250 mg iv",10.0604,0.247580931,µmol/l,0.185179
"Chu 1991, 250 mg iv",12.0332,0.143268287,µmol/l,0.107158
"Chu 1991, 250 mg iv",14.065,0.06915177,µmol/l,0.051722
"Chu 1992, 100 mg po",0.5119,0.132558,µg/ml,0.132558
"Chu 1992, 100 mg po",1.0437,0.242714,µg/ml,0.242714
"Chu 1992, 100 mg po",2.0398,0.319522,µg/ml,0.319522
"Chu 1992, 100 mg po",3.0267,0.238306,µg/ml,0.238306
"Chu 1992, 100 mg po",4.015,0.194791988,µg/ml,0.194792
"Chu 1992, 100 mg po",5.055,0.153493,µg/ml,0.153493
"Chu 1992, 100 mg po",6.0416,0.112399,µg/ml,0.112399
"Chu 1992, 100 mg po",7.0257,0.0710810944,µg/ml,0.071081
"Chu 1992, 100 mg po",7.997,0.0204386991,µg/ml,0.020439
"Chu 1992, 1200 mg po",0.4707,1.75096,µg/ml,1.75096
"Chu 1992, 1200 mg po",0.9937,2.98394012,µg/ml,2.98394
"Chu 1992, 1200 mg po",1.9874,3.52077985,µg/ml,3.52078
"Chu 1992, 1200 mg po",2.9812,3.5861,µg/ml,3.5861
"Chu 1992, 1200 mg po",3.9749,3.21161,µg/ml,3.21161
"Chu 1992, 1200 mg po",5.0209,3.21161,µg/ml,3.21161
"Chu 1992, 1200 mg po",5.9623,2.92959,µg/ml,2.92959
"Chu 1992, 1200 mg po",7.0084,2.43767,µg/ml,2.43767
"Chu 1992, 1200 mg po",8.0021,2.14335,µg/ml,2.14335
"Chu 1992, 1200 mg po",12.0293,1.40435994,µg/ml,1.40436
"Chu 1992, 1200 mg po",24.0063,0.510979,µg/ml,0.510979
"Chu 1992, 200 mg po",0.4184,0.189369991,µg/ml,0.18937
"Chu 1992, 200 mg po",0.9414,0.50167197,µg/ml,0.501672
"Chu 1992, 200 mg po",1.9874,0.549966,µg/ml,0.549966
"Chu 1992, 200 mg po",2.9812,0.457618982,µg/ml,0.457619
"Chu 1992, 200 mg po",4.0272,0.322718,µg/ml,0.322718
"Chu 1992, 200 mg po",5.0209,0.268529,µg/ml,0.268529
"Chu 1992, 200 mg po",6.0146,0.211451,µg/ml,0.211451
"Chu 1992, 200 mg po",7.0084,0.15188399,µg/ml,0.151884
"Chu 1992, 200 mg po",8.0021,0.101364,µg/ml,0.101364
"Chu 1992, 200 mg po",11.977,0.0301295,µg/ml,0.03013
"Chu 1992, 400 mg po",0.5376,0.641198039,µg/ml,0.641198
"Chu 1992, 400 mg po",1.0652,0.908319,µg/ml,0.908319
"Chu 1992, 400 mg po",2.008,1.11122,µg/ml,1.11122
"Chu 1992, 400 mg po",3.0512,1.07123,µg/ml,1.07123
"Chu 1992, 400 mg po",4.0918,0.875624,µg/ml,0.875624
"Chu 1992, 400 mg po",5.0816,0.784433,µg/ml,0.784433
"Chu 1992, 400 mg po",6.0184,0.665140033,µg/ml,0.66514
"Chu 1992, 400 mg po",7.0073,0.56398803,µg/ml,0.563988
"Chu 1992, 400 mg po",8.0998,0.452633,µg/ml,0.452633
"Chu 1992, 400 mg po",11.9986,0.174506,µg/ml,0.174506
"Chu 1992, 400 mg po",24.02,0.0204386991,µg/ml,0.020439
"Chu 1992, 600 mg po",0.4707,0.9723331,µg/ml,0.972333
"Chu 1992, 600 mg po",0.9937,1.62684,µg/ml,1.62684
"Chu 1992, 600 mg po",1.9874,1.99141,µg/ml,1.99141
"Chu 1992, 600 mg po",2.9812,1.78345,µg/ml,1.78345
"Chu 1992, 600 mg po",3.9749,1.53955,µg/ml,1.53955
"Chu 1992, 600 mg po",4.9686,1.37878,µg/ml,1.37878
"Chu 1992, 600 mg po",5.9623,1.10585,µg/ml,1.10585
"Chu 1992, 600 mg po",7.0084,0.9723331,µg/ml,0.972333
"Chu 1992, 600 mg po",8.0021,0.75171,µg/ml,0.75171
"Chu 1992, 600 mg po",11.977,0.341015,µg/ml,0.341015
"Chu 1992, 600 mg po",24.0063,0.111122,µg/ml,0.111122
"Chu 1992, 800 mg po",0.5829,0.420634985,µg/ml,0.420635
"Chu 1992, 800 mg po",1.0214,1.51749992,µg/ml,1.5175
"Chu 1992, 800 mg po",1.9683,2.39958,µg/ml,2.39958
"Chu 1992, 800 mg po",3.0131,2.53522,µg/ml,2.53522
"Chu 1992, 800 mg po",4.0551,2.27119,µg/ml,2.27119
"Chu 1992, 800 mg po",5.045,2.03465986,µg/ml,2.03466
"Chu 1992, 800 mg po",6.0348,1.82276011,µg/ml,1.82276
"Chu 1992, 800 mg po",7.0244,1.60328,µg/ml,1.60328
"Chu 1992, 800 mg po",8.013,1.33477,µg/ml,1.33477
"Chu 1992, 800 mg po",12.0211,0.689975,µg/ml,0.689975
"Chu 1992, 800 mg po",24.0589,0.221459,µg/ml,0.221459
"Chu 1993, 250 mg po",0.2964,0.101116,µg/ml,0.101116
"Chu 1993, 250 mg po",0.7301,0.491345972,µg/ml,0.491346
"Chu 1993, 250 mg po",0.9877,0.664763,µg/ml,0.664763
"Chu 1993, 250 mg po",1.4901,0.700756,µg/ml,0.700756
"Chu 1993, 250 mg po",2.4924,0.714912,µg/ml,0.714912
"Chu 1993, 250 mg po",4.0277,0.497582,µg/ml,0.497582
"Chu 1993, 250 mg po",6.0227,0.294571,µg/ml,0.294571
"Chu 1993, 250 mg po",8.0211,0.171078,µg/ml,0.171078
"Chu 1993, 250 mg po",10.0221,0.112644,µg/ml,0.112644
"Chu 1993, 250 mg po",12.024,0.0758964047,µg/ml,0.075896
"Chu 1993, 250 mg po",14.0263,0.0463776,µg/ml,0.046378
"Chu 1993, 250 mg po MD",72.0046,0.221684992,µg/ml,0.221685
"Chu 1993, 250 mg po MD",72.5266,0.505865,µg/ml,0.505865
"Chu 1993, 250 mg po MD",72.989,0.917774,µg/ml,0.917774
"Chu 1993, 250 mg po MD",74.0,0.91747,µg/ml,0.91747
"Chu 1993, 250 mg po MD",75.0209,0.93162,µg/ml,0.93162
"Chu 1993, 250 mg po MD",76.0085,0.814857,µg/ml,0.814857
"Chu 1993, 250 mg po MD",78.0348,0.583723962,µg/ml,0.583724
"Chu 1993, 250 mg po MD",80.0215,0.403206,µg/ml,0.403206
"Chu 1993, 250 mg po MD",84.0339,0.20199801,µg/ml,0.201998
"Chu 1993, 250 mg po MD",88.0245,0.141358,µg/ml,0.141358
"Chu 1993, 250 mg po MD",96.0119,0.0634502,µg/ml,0.06345
"Chu 1993, 500 mg po",0.4887,0.708287,µg/ml,0.708287
"Chu 1993, 500 mg po",0.9867,1.64067006,µg/ml,1.64067
"Chu 1993, 500 mg po",1.5009,1.95858,µg/ml,1.95858
"Chu 1993, 500 mg po",2.0027,1.98012006,µg/ml,1.98012
"Chu 1993, 500 mg po",2.9944,1.74127007,µg/ml,1.74127
"Chu 1993, 500 mg po",4.0252,1.4373399,µg/ml,1.43734
"Chu 1993, 500 mg po",6.0078,0.937949,µg/ml,0.937949
"Chu 1993, 500 mg po",8.0392,0.60480696,µg/ml,0.604807
"Chu 1993, 500 mg po",10.0357,0.437940985,µg/ml,0.437941
"Chu 1993, 500 mg po",12.0331,0.292761,µg/ml,0.292761
"Chu 1993, 500 mg po",16.034,0.146977991,µg/ml,0.146978
"Chu 1993, 500 mg po",24.0442,0.057818,µg/ml,0.057818
"Chu 1993, 500 mg po MD",71.9941,0.858635962,µg/ml,0.858636
"Chu 1993, 500 mg po MD",72.4882,1.58459,µg/ml,1.58459
"Chu 1993, 500 mg po MD",72.9798,2.36275983,µg/ml,2.36276
"Chu 1993, 500 mg po MD",73.9898,2.6733,µg/ml,2.6733
"Chu 1993, 500 mg po MD",75.0128,2.73644,µg/ml,2.73644
"Chu 1993, 500 mg po MD",76.0103,2.41244984,µg/ml,2.41245
"Chu 1993, 500 mg po MD",78.0093,1.7516,µg/ml,1.7516
"Chu 1993, 500 mg po MD",80.027,1.31405,µg/ml,1.31405
"Chu 1993, 500 mg po MD",84.0447,0.792356,µg/ml,0.792356
"Chu 1993, 500 mg po MD",88.0465,0.447376,µg/ml,0.447376
"Chu 1993, 500 mg po MD",96.0237,0.235334,µg/ml,0.235334
"Kees 1995, 250 mg po",0.2252,0.20823,µg/ml,0.20823
"Kees 1995, 250 mg po",0.6752,0.613727033,µg/ml,0.613727
"Kees 1995, 250 mg po",0.8952,0.701345,µg/ml,0.701345
"Kees 1995, 250 mg po",1.4386,0.766887,µg/ml,0.766887
"Kees 1995, 250 mg po",1.9805,0.799534,µg/ml,0.799534
"Kees 1995, 250 mg po",2.9544,0.821019,µg/ml,0.821019
"Kees 1995, 250 mg po",4.0288,0.667019,µg/ml,0.667019
"Kees 1995, 250 mg po",6.0715,0.402928,µg/ml,0.402928
"Kees 1995, 250 mg po",8.0117,0.270462,µg/ml,0.270462
"Kees 1995, 250 mg po",10.1705,0.192722,µg/ml,0.192722
"Kees 1995, 250 mg po",11.8973,0.126143,µg/ml,0.126143
"Kees 1995, 250 mg po MD",0.2252,0.20823,µg/ml,0.20823
"Kees 1995, 250 mg po MD",0.6752,0.613727033,µg/ml,0.613727
"Kees 1995, 250 mg po MD",0.8952,0.701345,µg/ml,0.701345
"Kees 1995, 250 mg po MD",1.4386,0.766887,µg/ml,0.766887
"Kees 1995, 250 mg po MD",1.9805,0.799534,µg/ml,0.799534
"Kees 1995, 250 mg po MD",2.9544,0.821019,µg/ml,0.821019
"Kees 1995, 250 mg po MD",4.0288,0.667019,µg/ml,0.667019
"Kees 1995, 250 mg po MD",6.0715,0.402928,µg/ml,0.402928
"Kees 1995, 250 mg po MD",8.0117,0.270462,µg/ml,0.270462
"Kees 1995, 250 mg po MD",10.1705,0.192722,µg/ml,0.192722
"Kees 1995, 250 mg po MD",11.8973,0.126143,µg/ml,0.126143
"Kees 1995, 250 mg po MD",24.0,0.175435,µg/ml,0.175435
"Kees 1995, 250 mg po MD",48.0,0.228481,µg/ml,0.228481
"Kees 1995, 250 mg po MD",72.0,0.259547,µg/ml,0.259547
"Kees 1995, 250 mg po MD",96.0,0.268734,µg/ml,0.268734
"Kees 1995, 250 mg po MD",96.3324,0.454985023,µg/ml,0.454985
"Kees 1995, 250 mg po MD",96.6723,0.816672,µg/ml,0.816672
"Kees 1995, 250 mg po MD",97.0057,1.02485,µg/ml,1.02485
"Kees 1995, 250 mg po MD",97.439,1.04659,µg/ml,1.04659
"Kees 1995, 250 mg po MD",98.0915,1.13401,µg/ml,1.13401
"Kees 1995, 250 mg po MD",99.1711,1.10062,µg/ml,1.10062
"Kees 1995, 250 mg po MD",100.1398,1.00149,µg/ml,1.00149
"Kees 1995, 250 mg po MD",102.1767,0.605824053,µg/ml,0.605824
"Kees 1995, 250 mg po MD",104.0079,0.451479,µg/ml,0.451479
"Kees 1995, 250 mg po MD",106.0562,0.318964,µg/ml,0.318964
"Kees 1995, 250 mg po MD",108.2146,0.230259,µg/ml,0.230259
"Kees 1995, 500 mg po",0.2309,0.339807,µg/ml,0.339807
"Kees 1995, 500 mg po",0.6908,0.975562,µg/ml,0.975562
"Kees 1995, 500 mg po",0.9222,1.32633,µg/ml,1.32633
"Kees 1995, 500 mg po",1.5851,1.65498,µg/ml,1.65498
"Kees 1995, 500 mg po",2.0322,1.99469,µg/ml,1.99469
"Kees 1995, 500 mg po",2.8937,1.91754,µg/ml,1.91754
"Kees 1995, 500 mg po",4.0715,1.65384,µg/ml,1.65384
"Kees 1995, 500 mg po",6.1018,1.10467,µg/ml,1.10467
"Kees 1995, 500 mg po",8.1435,0.818648,µg/ml,0.818648
"Kees 1995, 500 mg po",10.078,0.554606,µg/ml,0.554606
"Kees 1995, 500 mg po",12.0159,0.367317,µg/ml,0.367317
"Kees 1995, 500 mg po",16.0082,0.190055,µg/ml,0.190055
"Kees 1995, 500 mg po",24.0038,0.0877176,µg/ml,0.087718
"Kees 1995, 500 mg po MD",0.2309,0.339807,µg/ml,0.339807
"Kees 1995, 500 mg po MD",0.6908,0.975562,µg/ml,0.975562
"Kees 1995, 500 mg po MD",0.9222,1.32633,µg/ml,1.32633
"Kees 1995, 500 mg po MD",1.5851,1.65498,µg/ml,1.65498
"Kees 1995, 500 mg po MD",2.0322,1.99469,µg/ml,1.99469
"Kees 1995, 500 mg po MD",2.8937,1.91754,µg/ml,1.91754
"Kees 1995, 500 mg po MD",4.0715,1.65384,µg/ml,1.65384
"Kees 1995, 500 mg po MD",6.1018,1.10467,µg/ml,1.10467
"Kees 1995, 500 mg po MD",8.1435,0.818648,µg/ml,0.818648
"Kees 1995, 500 mg po MD",10.078,0.554606,µg/ml,0.554606
"Kees 1995, 500 mg po MD",12.0159,0.367317,µg/ml,0.367317
"Kees 1995, 500 mg po MD",16.0082,0.190055,µg/ml,0.190055
"Kees 1995, 500 mg po MD",24.0038,0.0877176,µg/ml,0.087718
"Kees 1995, 500 mg po MD",48.0,0.107769996,µg/ml,0.10777
"Kees 1995, 500 mg po MD",72.0,0.105992004,µg/ml,0.105992
"Kees 1995, 500 mg po MD",96.0,0.104263,µg/ml,0.104263
"Kees 1995, 500 mg po MD",96.3357,0.367268,µg/ml,0.367268
"Kees 1995, 500 mg po MD",96.5936,1.33206,µg/ml,1.33206
"Kees 1995, 500 mg po MD",97.0407,1.67177,µg/ml,1.67177
"Kees 1995, 500 mg po MD",97.4883,2.02244,µg/ml,2.02244
"Kees 1995, 500 mg po MD",98.0403,2.28535,µg/ml,2.28535
"Kees 1995, 500 mg po MD",99.118,2.2081,µg/ml,2.2081
"Kees 1995, 500 mg po MD",100.0791,1.93354,µg/ml,1.93354
"Kees 1995, 500 mg po MD",101.9994,1.34056,µg/ml,1.34056
"Kees 1995, 500 mg po MD",104.0387,0.999713957,µg/ml,0.999714
"Kees 1995, 500 mg po MD",106.0795,0.691764,µg/ml,0.691764
"Kees 1995, 500 mg po MD",108.0168,0.49351,µg/ml,0.49351
"Kees 1995, 500 mg po MD",111.7915,0.283452,µg/ml,0.283452
"Kees 1995, 500 mg po MD",119.8924,0.115277,µg/ml,0.115277
"Rengelsh. 2003, 250 mg po MD",23.4956,0.274972,µg/ml,0.274972
"Rengelsh. 2003, 250 mg po MD",23.6822,0.240179986,µg/ml,0.24018
"Rengelsh. 2003, 250 mg po MD",23.8369,0.248259991,µg/ml,0.24826
"Rengelsh. 2003, 250 mg po MD",24.1715,0.454097,µg/ml,0.454097
"Rengelsh. 2003, 250 mg po MD",24.3413,0.591919,µg/ml,0.591919
"Rengelsh. 2003, 250 mg po MD",24.5162,0.811448,µg/ml,0.811448
"Rengelsh. 2003, 250 mg po MD",24.6709,0.95420897,µg/ml,0.954209
"Rengelsh. 2003, 250 mg po MD",24.8457,0.993266,µg/ml,0.993266
"Rengelsh. 2003, 250 mg po MD",25.0021,1.04624,µg/ml,1.04624
"Rengelsh. 2003, 250 mg po MD",25.2509,1.14186,µg/ml,1.14186
"Rengelsh. 2003, 250 mg po MD",25.5015,1.14388,µg/ml,1.14388
"Rengelsh. 2003, 250 mg po MD",26.0126,1.09000993,µg/ml,1.09001
"Rengelsh. 2003, 250 mg po MD",26.4969,1.05163,µg/ml,1.05163
"Rengelsh. 2003, 250 mg po MD",27.0046,0.939843,µg/ml,0.939843
"Rengelsh. 2003, 250 mg po MD",28.0202,0.878339,µg/ml,0.878339
"Rengelsh. 2003, 250 mg po MD",30.0076,0.765656948,µg/ml,0.765657
"Rengelsh. 2003, 250 mg po MD",32.0084,0.54320997,µg/ml,0.54321
"Rengelsh. 2003, 250 mg po MD",34.0227,0.402019978,µg/ml,0.40202
"Rengelsh. 2003, 250 mg po MD",36.0168,0.269359976,µg/ml,0.26936
