study,time_h,conc_native,conc_unit,conc_mg_L
Friedman 1986 - Figure 1 - Triazolam - PO - 0.5 mg - Plasma - agg. (n=54),0.25,0.0004195353,mg/l,0.00042
Friedman 1986 - Figure 1 - Triazolam - PO - 0.5 mg - Plasma - agg. (n=54),0.5,0.00298088,mg/l,0.002981
Friedman 1986 - Figure 1 - Triazolam - PO - 0.5 mg - Plasma - agg. (n=54),0.75,0.003679743,mg/l,0.00368
Friedman 1986 - Figure 1 - Triazolam - PO - 0.5 mg - Plasma - agg. (n=54),1.0,0.0034960187,mg/l,0.003496
Friedman 1986 - Figure 1 - Triazolam - PO - 0.5 mg - Plasma - agg. (n=54),1.5,0.003472886,mg/l,0.003473
Friedman 1986 - Figure 1 - Triazolam - PO - 0.5 mg - Plasma - agg. (n=54),2.0,0.0032779,mg/l,0.003278
Friedman 1986 - Figure 1 - Triazolam - PO - 0.5 mg - Plasma - agg. (n=54),2.5,0.003035274,mg/l,0.003035
Friedman 1986 - Figure 1 - Triazolam - PO - 0.5 mg - Plasma - agg. (n=54),3.0,0.00268762582,mg/l,0.002688
Friedman 1986 - Figure 1 - Triazolam - PO - 0.5 mg - Plasma - agg. (n=54),4.0,0.00205415883,mg/l,0.002054
Friedman 1986 - Figure 1 - Triazolam - PO - 0.5 mg - Plasma - agg. (n=54),5.0,0.001540177,mg/l,0.00154
Friedman 1986 - Figure 1 - Triazolam - PO - 0.5 mg - Plasma - agg. (n=54),6.0,0.001169665,mg/l,0.00117
Friedman 1986 - Figure 1 - Triazolam - PO - 0.5 mg - Plasma - agg. (n=54),7.0,0.000876996841,mg/l,0.000877
Friedman 1986 - Figure 1 - Triazolam - PO - 0.5 mg - Plasma - agg. (n=54),8.0,0.0006575588,mg/l,0.000658
Friedman 1986 - Figure 1 - Triazolam - PO - 0.5 mg - Plasma - agg. (n=54),10.0,0.0003865681,mg/l,0.000387
Friedman 1986 - Figure 1 - Triazolam - PO - 0.5 mg - Plasma - agg. (n=54),12.0,0.0002025744,mg/l,0.000203
Friedman 1988 - Control - Triazolam - PO - 0.5 mg - Plasma - agg. (n=19),0.25,0.0005637115,mg/l,0.000564
Friedman 1988 - Control - Triazolam - PO - 0.5 mg - Plasma - agg. (n=19),0.5,0.002314852,mg/l,0.002315
Friedman 1988 - Control - Triazolam - PO - 0.5 mg - Plasma - agg. (n=19),0.75,0.002486483,mg/l,0.002486
Friedman 1988 - Control - Triazolam - PO - 0.5 mg - Plasma - agg. (n=19),1.0,0.002933496,mg/l,0.002933
Friedman 1988 - Control - Triazolam - PO - 0.5 mg - Plasma - agg. (n=19),1.5,0.002799365,mg/l,0.002799
Friedman 1988 - Control - Triazolam - PO - 0.5 mg - Plasma - agg. (n=19),2.0,0.00256990618,mg/l,0.00257
Friedman 1988 - Control - Triazolam - PO - 0.5 mg - Plasma - agg. (n=19),2.5,0.0022556358,mg/l,0.002256
Friedman 1988 - Control - Triazolam - PO - 0.5 mg - Plasma - agg. (n=19),3.0,0.002216916,mg/l,0.002217
Friedman 1988 - Control - Triazolam - PO - 0.5 mg - Plasma - agg. (n=19),4.0,0.001620012,mg/l,0.00162
Friedman 1988 - Control - Triazolam - PO - 0.5 mg - Plasma - agg. (n=19),5.0,0.001309428,mg/l,0.001309
Friedman 1988 - Control - Triazolam - PO - 0.5 mg - Plasma - agg. (n=19),6.0,0.001083654,mg/l,0.001084
Friedman 1988 - Control - Triazolam - PO - 0.5 mg - Plasma - agg. (n=19),8.0,0.000600134,mg/l,0.0006
Friedman 1988 - Control - Triazolam - PO - 0.5 mg - Plasma - agg. (n=19),10.0,0.0003286403,mg/l,0.000329
"Greenblatt 1991 - Young subjects, 0.125 mg - Triazolam - PO - 0.125 mg - Plasma - agg. (n=26)",0.5,0.000760240946,mg/l,0.00076
"Greenblatt 1991 - Young subjects, 0.125 mg - Triazolam - PO - 0.125 mg - Plasma - agg. (n=26)",1.0,0.000970148947,mg/l,0.00097
"Greenblatt 1991 - Young subjects, 0.125 mg - Triazolam - PO - 0.125 mg - Plasma - agg. (n=26)",1.5,0.0007801438,mg/l,0.00078
"Greenblatt 1991 - Young subjects, 0.125 mg - Triazolam - PO - 0.125 mg - Plasma - agg. (n=26)",2.0,0.0006719437,mg/l,0.000672
"Greenblatt 1991 - Young subjects, 0.125 mg - Triazolam - PO - 0.125 mg - Plasma - agg. (n=26)",2.5,0.0005787352,mg/l,0.000579
"Greenblatt 1991 - Young subjects, 0.125 mg - Triazolam - PO - 0.125 mg - Plasma - agg. (n=26)",3.0,0.0004510928,mg/l,0.000451
"Greenblatt 1991 - Young subjects, 0.125 mg - Triazolam - PO - 0.125 mg - Plasma - agg. (n=26)",4.0,0.000353966228,mg/l,0.000354
"Greenblatt 1991 - Young subjects, 0.125 mg - Triazolam - PO - 0.125 mg - Plasma - agg. (n=26)",6.0,0.000203489908,mg/l,0.000203
"Greenblatt 1991 - Young subjects, 0.125 mg - Triazolam - PO - 0.125 mg - Plasma - agg. (n=26)",8.0,0.000130891291,mg/l,0.000131
"Greenblatt 1991 - Young subjects, 0.25 mg - Triazolam - PO - 0.25 mg - Plasma - agg. (n=26)",0.5,0.0014451911,mg/l,0.001445
"Greenblatt 1991 - Young subjects, 0.25 mg - Triazolam - PO - 0.25 mg - Plasma - agg. (n=26)",1.0,0.001606182,mg/l,0.001606
"Greenblatt 1991 - Young subjects, 0.25 mg - Triazolam - PO - 0.25 mg - Plasma - agg. (n=26)",1.5,0.00150832208,mg/l,0.001508
"Greenblatt 1991 - Young subjects, 0.25 mg - Triazolam - PO - 0.25 mg - Plasma - agg. (n=26)",2.0,0.001250255,mg/l,0.00125
"Greenblatt 1991 - Young subjects, 0.25 mg - Triazolam - PO - 0.25 mg - Plasma - agg. (n=26)",2.5,0.001130964,mg/l,0.001131
"Greenblatt 1991 - Young subjects, 0.25 mg - Triazolam - PO - 0.25 mg - Plasma - agg. (n=26)",3.0,0.0009671708,mg/l,0.000967
"Greenblatt 1991 - Young subjects, 0.25 mg - Triazolam - PO - 0.25 mg - Plasma - agg. (n=26)",4.0,0.0006941962,mg/l,0.000694
"Greenblatt 1991 - Young subjects, 0.25 mg - Triazolam - PO - 0.25 mg - Plasma - agg. (n=26)",6.0,0.0003666742,mg/l,0.000367
"Greenblatt 1991 - Young subjects, 0.25 mg - Triazolam - PO - 0.25 mg - Plasma - agg. (n=26)",8.0,0.000237968809,mg/l,0.000238
Greenblatt 1989 - Triazolam group - Triazolam - PO - 0.25 mg - Plasma - agg. (n=11),0.5,0.001435185,mg/l,0.001435
Greenblatt 1989 - Triazolam group - Triazolam - PO - 0.25 mg - Plasma - agg. (n=11),1.0,0.001953853,mg/l,0.001954
Greenblatt 1989 - Triazolam group - Triazolam - PO - 0.25 mg - Plasma - agg. (n=11),1.5,0.00155468588,mg/l,0.001555
Greenblatt 1989 - Triazolam group - Triazolam - PO - 0.25 mg - Plasma - agg. (n=11),2.0,0.001361315,mg/l,0.001361
Greenblatt 1989 - Triazolam group - Triazolam - PO - 0.25 mg - Plasma - agg. (n=11),2.5,0.001115486,mg/l,0.001115
Greenblatt 1989 - Triazolam group - Triazolam - PO - 0.25 mg - Plasma - agg. (n=11),3.0,0.000969583169,mg/l,0.00097
Greenblatt 1989 - Triazolam group - Triazolam - PO - 0.25 mg - Plasma - agg. (n=11),4.0,0.00073247985,mg/l,0.000732
Greenblatt 1989 - Triazolam group - Triazolam - PO - 0.25 mg - Plasma - agg. (n=11),6.0,0.000347797,mg/l,0.000348
Greenblatt 1989 - Triazolam group - Triazolam - PO - 0.25 mg - Plasma - agg. (n=11),8.0,0.0001738657,mg/l,0.000174
Greenblatt 2000 - Triazolam males - Triazolam - PO - 0.25 mg - Plasma - agg. (n=10),0.25,0.001808,mg/l,0.001808
Greenblatt 2000 - Triazolam males - Triazolam - PO - 0.25 mg - Plasma - agg. (n=10),0.5,0.00223399978,mg/l,0.002234
Greenblatt 2000 - Triazolam males - Triazolam - PO - 0.25 mg - Plasma - agg. (n=10),1.0,0.002085,mg/l,0.002085
Greenblatt 2000 - Triazolam males - Triazolam - PO - 0.25 mg - Plasma - agg. (n=10),1.5,0.00200900016,mg/l,0.002009
Greenblatt 2000 - Triazolam males - Triazolam - PO - 0.25 mg - Plasma - agg. (n=10),2.0,0.00191799994,mg/l,0.001918
Greenblatt 2000 - Triazolam males - Triazolam - PO - 0.25 mg - Plasma - agg. (n=10),2.5,0.001693,mg/l,0.001693
Greenblatt 2000 - Triazolam males - Triazolam - PO - 0.25 mg - Plasma - agg. (n=10),3.0,0.00162399991,mg/l,0.001624
Greenblatt 2000 - Triazolam males - Triazolam - PO - 0.25 mg - Plasma - agg. (n=10),4.0,0.001209,mg/l,0.001209
Greenblatt 2000 - Triazolam males - Triazolam - PO - 0.25 mg - Plasma - agg. (n=10),5.0,0.000947000051,mg/l,0.000947
Greenblatt 2000 - Triazolam males - Triazolam - PO - 0.25 mg - Plasma - agg. (n=10),6.0,0.000721,mg/l,0.000721
Greenblatt 2000 - Triazolam males - Triazolam - PO - 0.25 mg - Plasma - agg. (n=10),8.0,0.000435999973,mg/l,0.000436
Greenblatt 2000 - Triazolam females - Triazolam - PO - 0.25 mg - Plasma - agg. (n=8),0.5,0.001672,mg/l,0.001672
Greenblatt 2000 - Triazolam females - Triazolam - PO - 0.25 mg - Plasma - agg. (n=8),1.0,0.001928,mg/l,0.001928
Greenblatt 2000 - Triazolam females - Triazolam - PO - 0.25 mg - Plasma - agg. (n=8),1.5,0.00199899985,mg/l,0.001999
Greenblatt 2000 - Triazolam females - Triazolam - PO - 0.25 mg - Plasma - agg. (n=8),2.0,0.00191799994,mg/l,0.001918
Greenblatt 2000 - Triazolam females - Triazolam - PO - 0.25 mg - Plasma - agg. (n=8),2.5,0.001724,mg/l,0.001724
Greenblatt 2000 - Triazolam females - Triazolam - PO - 0.25 mg - Plasma - agg. (n=8),3.0,0.001551,mg/l,0.001551
Greenblatt 2000 - Triazolam females - Triazolam - PO - 0.25 mg - Plasma - agg. (n=8),4.0,0.001192,mg/l,0.001192
Greenblatt 2000 - Triazolam females - Triazolam - PO - 0.25 mg - Plasma - agg. (n=8),5.0,0.000917,mg/l,0.000917
Greenblatt 2000 - Triazolam females - Triazolam - PO - 0.25 mg - Plasma - agg. (n=8),6.0,0.000766,mg/l,0.000766
Greenblatt 2000 - Triazolam females - Triazolam - PO - 0.25 mg - Plasma - agg. (n=8),8.0,0.000486999983,mg/l,0.000487
Greenblatt 2004 - Young males - Triazolam - PO - 0.25 mg - Plasma - agg. (n=10),0.5,0.001657486,mg/l,0.001657
Greenblatt 2004 - Young males - Triazolam - PO - 0.25 mg - Plasma - agg. (n=10),1.0,0.002097855,mg/l,0.002098
Greenblatt 2004 - Young males - Triazolam - PO - 0.25 mg - Plasma - agg. (n=10),1.5,0.0018342901,mg/l,0.001834
Greenblatt 2004 - Young males - Triazolam - PO - 0.25 mg - Plasma - agg. (n=10),2.0,0.00160361186,mg/l,0.001604
Greenblatt 2004 - Young males - Triazolam - PO - 0.25 mg - Plasma - agg. (n=10),2.5,0.001583462,mg/l,0.001583
Greenblatt 2004 - Young males - Triazolam - PO - 0.25 mg - Plasma - agg. (n=10),3.0,0.001240941,mg/l,0.001241
Greenblatt 2004 - Young males - Triazolam - PO - 0.25 mg - Plasma - agg. (n=10),4.0,0.001003279,mg/l,0.001003
Greenblatt 2004 - Young males - Triazolam - PO - 0.25 mg - Plasma - agg. (n=10),6.0,0.0005937267,mg/l,0.000594
Greenblatt 2004 - Young males - Triazolam - PO - 0.25 mg - Plasma - agg. (n=10),8.0,0.0003815612,mg/l,0.000382
Greenblatt 2004 - Young females - Triazolam - PO - 0.25 mg - Plasma - agg. (n=13),0.5,0.001598271,mg/l,0.001598
Greenblatt 2004 - Young females - Triazolam - PO - 0.25 mg - Plasma - agg. (n=13),1.0,0.002439955,mg/l,0.00244
Greenblatt 2004 - Young females - Triazolam - PO - 0.25 mg - Plasma - agg. (n=13),1.5,0.00238691922,mg/l,0.002387
Greenblatt 2004 - Young females - Triazolam - PO - 0.25 mg - Plasma - agg. (n=13),2.0,0.00216941,mg/l,0.002169
Greenblatt 2004 - Young females - Triazolam - PO - 0.25 mg - Plasma - agg. (n=13),2.5,0.001826883,mg/l,0.001827
Greenblatt 2004 - Young females - Triazolam - PO - 0.25 mg - Plasma - agg. (n=13),3.0,0.001688321,mg/l,0.001688
Greenblatt 2004 - Young females - Triazolam - PO - 0.25 mg - Plasma - agg. (n=13),4.0,0.001226969,mg/l,0.001227
Greenblatt 2004 - Young females - Triazolam - PO - 0.25 mg - Plasma - agg. (n=13),6.0,0.0007253268,mg/l,0.000725
Greenblatt 2004 - Young females - Triazolam - PO - 0.25 mg - Plasma - agg. (n=13),8.0,0.0004342019,mg/l,0.000434
Hukkinen 1995 - Triazolam with 250 mL water - Triazolam - PO - 0.25 mg - Plasma - agg. (n=10),0.5,0.0008077981,mg/l,0.000808
Hukkinen 1995 - Triazolam with 250 mL water - Triazolam - PO - 0.25 mg - Plasma - agg. (n=10),1.0,0.001185535,mg/l,0.001186
Hukkinen 1995 - Triazolam with 250 mL water - Triazolam - PO - 0.25 mg - Plasma - agg. (n=10),1.5,0.00130164507,mg/l,0.001302
Hukkinen 1995 - Triazolam with 250 mL water - Triazolam - PO - 0.25 mg - Plasma - agg. (n=10),2.0,0.00131890411,mg/l,0.001319
Hukkinen 1995 - Triazolam with 250 mL water - Triazolam - PO - 0.25 mg - Plasma - agg. (n=10),2.5,0.00124896888,mg/l,0.001249
Hukkinen 1995 - Triazolam with 250 mL water - Triazolam - PO - 0.25 mg - Plasma - agg. (n=10),3.0,0.001144151,mg/l,0.001144
Hukkinen 1995 - Triazolam with 250 mL water - Triazolam - PO - 0.25 mg - Plasma - agg. (n=10),4.0,0.0009112598,mg/l,0.000911
Hukkinen 1995 - Triazolam with 250 mL water - Triazolam - PO - 0.25 mg - Plasma - agg. (n=10),5.0,0.000736492,mg/l,0.000736
Hukkinen 1995 - Triazolam with 250 mL water - Triazolam - PO - 0.25 mg - Plasma - agg. (n=10),6.0,0.0006140646,mg/l,0.000614
Hukkinen 1995 - Triazolam with 250 mL water - Triazolam - PO - 0.25 mg - Plasma - agg. (n=10),7.0,0.00047419552,mg/l,0.000474
Hukkinen 1995 - Triazolam with 250 mL water - Triazolam - PO - 0.25 mg - Plasma - agg. (n=10),17.0,2.30956211e-05,mg/l,2.3e-05
Kroboth 1995 - IV administration - Triazolam - IV - 0.25 mg - Plasma - agg. (n=12),0.0167,0.0148333,mg/l,0.014833
Kroboth 1995 - IV administration - Triazolam - IV - 0.25 mg - Plasma - agg. (n=12),0.0417,0.0119167008,mg/l,0.011917
Kroboth 1995 - IV administration - Triazolam - IV - 0.25 mg - Plasma - agg. (n=12),0.1,0.0063604,mg/l,0.00636
Kroboth 1995 - IV administration - Triazolam - IV - 0.25 mg - Plasma - agg. (n=12),0.25,0.0049356,mg/l,0.004936
Kroboth 1995 - IV administration - Triazolam - IV - 0.25 mg - Plasma - agg. (n=12),0.5,0.0041523,mg/l,0.004152
Kroboth 1995 - IV administration - Triazolam - IV - 0.25 mg - Plasma - agg. (n=12),0.75,0.0037964,mg/l,0.003796
Kroboth 1995 - IV administration - Triazolam - IV - 0.25 mg - Plasma - agg. (n=12),1.0,0.0035118,mg/l,0.003512
Kroboth 1995 - IV administration - Triazolam - IV - 0.25 mg - Plasma - agg. (n=12),1.5,0.0034057,mg/l,0.003406
Kroboth 1995 - IV administration - Triazolam - IV - 0.25 mg - Plasma - agg. (n=12),2.0,0.003068,mg/l,0.003068
Kroboth 1995 - IV administration - Triazolam - IV - 0.25 mg - Plasma - agg. (n=12),3.0,0.0026064,mg/l,0.002606
Kroboth 1995 - IV administration - Triazolam - IV - 0.25 mg - Plasma - agg. (n=12),4.0,0.00216260017,mg/l,0.002163
Kroboth 1995 - IV administration - Triazolam - IV - 0.25 mg - Plasma - agg. (n=12),6.0,0.001275,mg/l,0.001275
Kroboth 1995 - IV administration - Triazolam - IV - 0.25 mg - Plasma - agg. (n=12),8.0,0.000868300034,mg/l,0.000868
Kroboth 1995 - IV administration - Triazolam - IV - 0.25 mg - Plasma - agg. (n=12),10.0,0.0004794,mg/l,0.000479
Kroboth 1995 - IV administration - Triazolam - IV - 0.25 mg - Plasma - agg. (n=12),12.0,0.000268599979,mg/l,0.000269
Kroboth 1995 - Oral administration - Triazolam - PO - 0.25 mg - Plasma - agg. (n=12),0.25,0.000268999982,mg/l,0.000269
Kroboth 1995 - Oral administration - Triazolam - PO - 0.25 mg - Plasma - agg. (n=12),0.5,0.0012133,mg/l,0.001213
Kroboth 1995 - Oral administration - Triazolam - PO - 0.25 mg - Plasma - agg. (n=12),0.75,0.0014275,mg/l,0.001427
Kroboth 1995 - Oral administration - Triazolam - PO - 0.25 mg - Plasma - agg. (n=12),1.0,0.0013922,mg/l,0.001392
Kroboth 1995 - Oral administration - Triazolam - PO - 0.25 mg - Plasma - agg. (n=12),1.5,0.00142859994,mg/l,0.001429
Kroboth 1995 - Oral administration - Triazolam - PO - 0.25 mg - Plasma - agg. (n=12),2.0,0.0014828,mg/l,0.001483
Kroboth 1995 - Oral administration - Triazolam - PO - 0.25 mg - Plasma - agg. (n=12),3.0,0.0013239,mg/l,0.001324
Kroboth 1995 - Oral administration - Triazolam - PO - 0.25 mg - Plasma - agg. (n=12),4.0,0.0011651,mg/l,0.001165
Kroboth 1995 - Oral administration - Triazolam - PO - 0.25 mg - Plasma - agg. (n=12),6.0,0.000705,mg/l,0.000705
Kroboth 1995 - Oral administration - Triazolam - PO - 0.25 mg - Plasma - agg. (n=12),8.0,0.0003518,mg/l,0.000352
Kroboth 1995 - Oral administration - Triazolam - PO - 0.25 mg - Plasma - agg. (n=12),10.0,0.0001587,mg/l,0.000159
Kroboth 1995 - Oral administration - Triazolam - PO - 0.25 mg - Plasma - agg. (n=12),12.0,7.27e-05,mg/l,7.3e-05
Lilja 2000 - Triazolam with 200 mL water - Triazolam - PO - 0.25 mg - Plasma - agg. (n=12),0.5,0.0005999926,mg/l,0.0006
Lilja 2000 - Triazolam with 200 mL water - Triazolam - PO - 0.25 mg - Plasma - agg. (n=12),1.0,0.001455161,mg/l,0.001455
Lilja 2000 - Triazolam with 200 mL water - Triazolam - PO - 0.25 mg - Plasma - agg. (n=12),1.5,0.001523275,mg/l,0.001523
Lilja 2000 - Triazolam with 200 mL water - Triazolam - PO - 0.25 mg - Plasma - agg. (n=12),2.0,0.00142788,mg/l,0.001428
Lilja 2000 - Triazolam with 200 mL water - Triazolam - PO - 0.25 mg - Plasma - agg. (n=12),3.0,0.001172467,mg/l,0.001172
Lilja 2000 - Triazolam with 200 mL water - Triazolam - PO - 0.25 mg - Plasma - agg. (n=12),4.0,0.0008676406,mg/l,0.000868
Lilja 2000 - Triazolam with 200 mL water - Triazolam - PO - 0.25 mg - Plasma - agg. (n=12),5.0,0.000730081,mg/l,0.00073
Lilja 2000 - Triazolam with 200 mL water - Triazolam - PO - 0.25 mg - Plasma - agg. (n=12),6.0,0.000577342231,mg/l,0.000577
Lilja 2000 - Triazolam with 200 mL water - Triazolam - PO - 0.25 mg - Plasma - agg. (n=12),8.0,0.0003896882,mg/l,0.00039
Lilja 2000 - Triazolam with 200 mL water - Triazolam - PO - 0.25 mg - Plasma - agg. (n=12),10.0,0.0002895144,mg/l,0.00029
Lilja 2000 - Triazolam with 200 mL water - Triazolam - PO - 0.25 mg - Plasma - agg. (n=12),23.0,4.898473e-05,mg/l,4.9e-05
Moltke 1996 - Triazolam + Placebo (Trial 2) - Triazolam - PO - 0.125 mg - Plasma - agg. (n=9),0.5,0.0007524637,mg/l,0.000752
Moltke 1996 - Triazolam + Placebo (Trial 2) - Triazolam - PO - 0.125 mg - Plasma - agg. (n=9),1.0,0.001126222,mg/l,0.001126
Moltke 1996 - Triazolam + Placebo (Trial 2) - Triazolam - PO - 0.125 mg - Plasma - agg. (n=9),1.5,0.001152477,mg/l,0.001152
Moltke 1996 - Triazolam + Placebo (Trial 2) - Triazolam - PO - 0.125 mg - Plasma - agg. (n=9),2.0,0.00100365491,mg/l,0.001004
Moltke 1996 - Triazolam + Placebo (Trial 2) - Triazolam - PO - 0.125 mg - Plasma - agg. (n=9),2.5,0.00091002,mg/l,0.00091
Moltke 1996 - Triazolam + Placebo (Trial 2) - Triazolam - PO - 0.125 mg - Plasma - agg. (n=9),3.0,0.0008063235,mg/l,0.000806
Moltke 1996 - Triazolam + Placebo (Trial 2) - Triazolam - PO - 0.125 mg - Plasma - agg. (n=9),4.0,0.000636690063,mg/l,0.000637
Moltke 1996 - Triazolam + Placebo (Trial 2) - Triazolam - PO - 0.125 mg - Plasma - agg. (n=9),5.0,0.0005576768,mg/l,0.000558
Moltke 1996 - Triazolam + Placebo (Trial 2) - Triazolam - PO - 0.125 mg - Plasma - agg. (n=9),6.0,0.0004205189,mg/l,0.000421
Moltke 1996 - Triazolam + Placebo (Trial 2) - Triazolam - PO - 0.125 mg - Plasma - agg. (n=9),8.0,0.0003098707,mg/l,0.00031
"O'Connor-Semmes 2001 - Young group, triazolam alone - Triazolam - PO - 0.25 mg - Plasma - agg. (n=18)",0.25,0.0001835294,mg/l,0.000184
"O'Connor-Semmes 2001 - Young group, triazolam alone - Triazolam - PO - 0.25 mg - Plasma - agg. (n=18)",0.5,0.000864705944,mg/l,0.000865
"O'Connor-Semmes 2001 - Young group, triazolam alone - Triazolam - PO - 0.25 mg - Plasma - agg. (n=18)",0.75,0.001192941,mg/l,0.001193
"O'Connor-Semmes 2001 - Young group, triazolam alone - Triazolam - PO - 0.25 mg - Plasma - agg. (n=18)",1.0,0.001401176,mg/l,0.001401
"O'Connor-Semmes 2001 - Young group, triazolam alone - Triazolam - PO - 0.25 mg - Plasma - agg. (n=18)",1.5,0.001549412,mg/l,0.001549
"O'Connor-Semmes 2001 - Young group, triazolam alone - Triazolam - PO - 0.25 mg - Plasma - agg. (n=18)",2.0,0.001531765,mg/l,0.001532
"O'Connor-Semmes 2001 - Young group, triazolam alone - Triazolam - PO - 0.25 mg - Plasma - agg. (n=18)",2.5,0.001394118,mg/l,0.001394
"O'Connor-Semmes 2001 - Young group, triazolam alone - Triazolam - PO - 0.25 mg - Plasma - agg. (n=18)",3.0,0.001298823,mg/l,0.001299
"O'Connor-Semmes 2001 - Young group, triazolam alone - Triazolam - PO - 0.25 mg - Plasma - agg. (n=18)",4.0,0.001062353,mg/l,0.001062
"O'Connor-Semmes 2001 - Young group, triazolam alone - Triazolam - PO - 0.25 mg - Plasma - agg. (n=18)",6.0,0.0007482353,mg/l,0.000748
"O'Connor-Semmes 2001 - Young group, triazolam alone - Triazolam - PO - 0.25 mg - Plasma - agg. (n=18)",8.0,0.000511764665,mg/l,0.000512
"O'Connor-Semmes 2001 - Young group, triazolam alone - Triazolam - PO - 0.25 mg - Plasma - agg. (n=18)",10.0,0.000374117633,mg/l,0.000374
"O'Connor-Semmes 2001 - Young group, triazolam alone - Triazolam - PO - 0.25 mg - Plasma - agg. (n=18)",12.0,0.00024,mg/l,0.00024
"O'Connor-Semmes 2001 - Young group, triazolam alone - Triazolam - PO - 0.25 mg - Plasma - agg. (n=18)",15.0,0.000123529389,mg/l,0.000124
Ochs 1984 - Control - Triazolam - PO - 0.5 mg - Plasma - agg. (n=5),0.25,0.000313,mg/l,0.000313
Ochs 1984 - Control - Triazolam - PO - 0.5 mg - Plasma - agg. (n=5),0.5,0.00367,mg/l,0.00367
Ochs 1984 - Control - Triazolam - PO - 0.5 mg - Plasma - agg. (n=5),0.75,0.00457000034,mg/l,0.00457
Ochs 1984 - Control - Triazolam - PO - 0.5 mg - Plasma - agg. (n=5),1.0,0.00463,mg/l,0.00463
Ochs 1984 - Control - Triazolam - PO - 0.5 mg - Plasma - agg. (n=5),2.0,0.004401,mg/l,0.004401
Ochs 1984 - Control - Triazolam - PO - 0.5 mg - Plasma - agg. (n=5),3.0,0.003432,mg/l,0.003432
Ochs 1984 - Control - Triazolam - PO - 0.5 mg - Plasma - agg. (n=5),4.0,0.002722,mg/l,0.002722
Ochs 1984 - Control - Triazolam - PO - 0.5 mg - Plasma - agg. (n=5),6.0,0.001648,mg/l,0.001648
Ochs 1984 - Control - Triazolam - PO - 0.5 mg - Plasma - agg. (n=5),8.0,0.000945,mg/l,0.000945
Ochs 1984 - Control - Triazolam - PO - 0.5 mg - Plasma - agg. (n=5),12.0,0.000377000018,mg/l,0.000377
Phillips 1986 - Triazolam alone - Triazolam - PO - 0.5 mg - Plasma - agg. (n=16),0.3106,0.0001779584,mg/l,0.000178
Phillips 1986 - Triazolam alone - Triazolam - PO - 0.5 mg - Plasma - agg. (n=16),0.5926,0.00146451,mg/l,0.001465
Phillips 1986 - Triazolam alone - Triazolam - PO - 0.5 mg - Plasma - agg. (n=16),0.8946,0.00198835,mg/l,0.001988
Phillips 1986 - Triazolam alone - Triazolam - PO - 0.5 mg - Plasma - agg. (n=16),1.0995,0.002201589,mg/l,0.002202
Phillips 1986 - Triazolam alone - Triazolam - PO - 0.5 mg - Plasma - agg. (n=16),1.586,0.00237987214,mg/l,0.00238
Phillips 1986 - Triazolam alone - Triazolam - PO - 0.5 mg - Plasma - agg. (n=16),2.1126,0.00237197476,mg/l,0.002372
Phillips 1986 - Triazolam alone - Triazolam - PO - 0.5 mg - Plasma - agg. (n=16),3.0971,0.002293972,mg/l,0.002294
Phillips 1986 - Triazolam alone - Triazolam - PO - 0.5 mg - Plasma - agg. (n=16),4.0528,0.001976447,mg/l,0.001976
Phillips 1986 - Triazolam alone - Triazolam - PO - 0.5 mg - Plasma - agg. (n=16),6.066,0.001474624,mg/l,0.001475
Phillips 1986 - Triazolam alone - Triazolam - PO - 0.5 mg - Plasma - agg. (n=16),8.0062,0.00107909588,mg/l,0.001079
Phillips 1986 - Triazolam alone - Triazolam - PO - 0.5 mg - Plasma - agg. (n=16),9.9462,0.00069243653,mg/l,0.000692
Phillips 1986 - Triazolam alone - Triazolam - PO - 0.5 mg - Plasma - agg. (n=16),11.9517,0.000483282027,mg/l,0.000483
Phillips 1986 - Triazolam alone - Triazolam - PO - 0.5 mg - Plasma - agg. (n=16),13.9219,0.0002829312,mg/l,0.000283
Phillips 1986 - Triazolam alone - Triazolam - PO - 0.5 mg - Plasma - agg. (n=16),17.9264,0.000112946895,mg/l,0.000113
Smith 1987 - 0.125 mg - Triazolam - IV - 0.125 mg - Plasma - agg. (n=5),0.0417,0.0072903,mg/l,0.00729
Smith 1987 - 0.125 mg - Triazolam - IV - 0.125 mg - Plasma - agg. (n=5),0.1,0.0038747,mg/l,0.003875
Smith 1987 - 0.125 mg - Triazolam - IV - 0.125 mg - Plasma - agg. (n=5),0.25,0.0030917,mg/l,0.003092
Smith 1987 - 0.125 mg - Triazolam - IV - 0.125 mg - Plasma - agg. (n=5),0.5,0.0024301,mg/l,0.00243
Smith 1987 - 0.125 mg - Triazolam - IV - 0.125 mg - Plasma - agg. (n=5),1.0,0.00205929973,mg/l,0.002059
Smith 1987 - 0.125 mg - Triazolam - IV - 0.125 mg - Plasma - agg. (n=5),1.5,0.0017451,mg/l,0.001745
Smith 1987 - 0.125 mg - Triazolam - IV - 0.125 mg - Plasma - agg. (n=5),2.0,0.0014789,mg/l,0.001479
Smith 1987 - 0.125 mg - Triazolam - IV - 0.125 mg - Plasma - agg. (n=5),3.0,0.0012723,mg/l,0.001272
Smith 1987 - 0.125 mg - Triazolam - IV - 0.125 mg - Plasma - agg. (n=5),4.0,0.0010945,mg/l,0.001094
Smith 1987 - 0.125 mg - Triazolam - IV - 0.125 mg - Plasma - agg. (n=5),6.0,0.0007627,mg/l,0.000763
Smith 1987 - 0.125 mg - Triazolam - IV - 0.125 mg - Plasma - agg. (n=5),8.0,0.0004437,mg/l,0.000444
Smith 1987 - 0.125 mg - Triazolam - IV - 0.125 mg - Plasma - agg. (n=5),12.0,0.0002394,mg/l,0.000239
Smith 1987 - 0.25 mg - Triazolam - IV - 0.25 mg - Plasma - agg. (n=5),0.0417,0.0121609,mg/l,0.012161
Smith 1987 - 0.25 mg - Triazolam - IV - 0.25 mg - Plasma - agg. (n=5),0.1,0.00810019951,mg/l,0.0081
Smith 1987 - 0.25 mg - Triazolam - IV - 0.25 mg - Plasma - agg. (n=5),0.25,0.0058171,mg/l,0.005817
Smith 1987 - 0.25 mg - Triazolam - IV - 0.25 mg - Plasma - agg. (n=5),0.5,0.0047834,mg/l,0.004783
Smith 1987 - 0.25 mg - Triazolam - IV - 0.25 mg - Plasma - agg. (n=5),1.0,0.00405359967,mg/l,0.004054
Smith 1987 - 0.25 mg - Triazolam - IV - 0.25 mg - Plasma - agg. (n=5),1.5,0.0038747,mg/l,0.003875
Smith 1987 - 0.25 mg - Triazolam - IV - 0.25 mg - Plasma - agg. (n=5),2.0,0.0036483,mg/l,0.003648
Smith 1987 - 0.25 mg - Triazolam - IV - 0.25 mg - Plasma - agg. (n=5),3.0,0.0032345,mg/l,0.003234
Smith 1987 - 0.25 mg - Triazolam - IV - 0.25 mg - Plasma - agg. (n=5),4.0,0.0023228,mg/l,0.002323
Smith 1987 - 0.25 mg - Triazolam - IV - 0.25 mg - Plasma - agg. (n=5),6.0,0.0017985,mg/l,0.001798
Smith 1987 - 0.25 mg - Triazolam - IV - 0.25 mg - Plasma - agg. (n=5),8.0,0.0011979,mg/l,0.001198
Smith 1987 - 0.25 mg - Triazolam - IV - 0.25 mg - Plasma - agg. (n=5),12.0,0.000728999963,mg/l,0.000729
Smith 1987 - 0.5 mg - Triazolam - IV - 0.5 mg - Plasma - agg. (n=5),0.0417,0.0191005431,mg/l,0.019101
Smith 1987 - 0.5 mg - Triazolam - IV - 0.5 mg - Plasma - agg. (n=5),0.1,0.01311134,mg/l,0.013111
Smith 1987 - 0.5 mg - Triazolam - IV - 0.5 mg - Plasma - agg. (n=5),0.25,0.0129154958,mg/l,0.012915
Smith 1987 - 0.5 mg - Triazolam - IV - 0.5 mg - Plasma - agg. (n=5),0.5,0.0104618343,mg/l,0.010462
Smith 1987 - 0.5 mg - Triazolam - IV - 0.5 mg - Plasma - agg. (n=5),1.0,0.008474314,mg/l,0.008474
Smith 1987 - 0.5 mg - Triazolam - IV - 0.5 mg - Plasma - agg. (n=5),1.5,0.008223045,mg/l,0.008223
Smith 1987 - 0.5 mg - Triazolam - IV - 0.5 mg - Plasma - agg. (n=5),2.0,0.00729029439,mg/l,0.00729
Smith 1987 - 0.5 mg - Triazolam - IV - 0.5 mg - Plasma - agg. (n=5),3.0,0.00573020149,mg/l,0.00573
Smith 1987 - 0.5 mg - Triazolam - IV - 0.5 mg - Plasma - agg. (n=5),4.0,0.005004336,mg/l,0.005004
Smith 1987 - 0.5 mg - Triazolam - IV - 0.5 mg - Plasma - agg. (n=5),6.0,0.0035938134,mg/l,0.003594
Smith 1987 - 0.5 mg - Triazolam - IV - 0.5 mg - Plasma - agg. (n=5),8.0,0.00235802843,mg/l,0.002358
Smith 1987 - 0.5 mg - Triazolam - IV - 0.5 mg - Plasma - agg. (n=5),12.0,0.00157064642,mg/l,0.001571
Smith 1987 - 0.75 mg - Triazolam - IV - 0.75 mg - Plasma - agg. (n=5),0.0417,0.021222543,mg/l,0.021223
Smith 1987 - 0.75 mg - Triazolam - IV - 0.75 mg - Plasma - agg. (n=5),0.1,0.0209055413,mg/l,0.020906
Smith 1987 - 0.75 mg - Triazolam - IV - 0.75 mg - Plasma - agg. (n=5),0.25,0.0133101512,mg/l,0.01331
Smith 1987 - 0.75 mg - Triazolam - IV - 0.75 mg - Plasma - agg. (n=5),0.5,0.0119793,mg/l,0.011979
Smith 1987 - 0.75 mg - Triazolam - IV - 0.75 mg - Plasma - agg. (n=5),1.0,0.0107815126,mg/l,0.010782
Smith 1987 - 0.75 mg - Triazolam - IV - 0.75 mg - Plasma - agg. (n=5),1.5,0.00985063,mg/l,0.009851
Smith 1987 - 0.75 mg - Triazolam - IV - 0.75 mg - Plasma - agg. (n=5),2.0,0.008865689,mg/l,0.008866
Smith 1987 - 0.75 mg - Triazolam - IV - 0.75 mg - Plasma - agg. (n=5),3.0,0.007979225,mg/l,0.007979
Smith 1987 - 0.75 mg - Triazolam - IV - 0.75 mg - Plasma - agg. (n=5),4.0,0.005905298,mg/l,0.005905
Smith 1987 - 0.75 mg - Triazolam - IV - 0.75 mg - Plasma - agg. (n=5),6.0,0.00430513639,mg/l,0.004305
Smith 1987 - 0.75 mg - Triazolam - IV - 0.75 mg - Plasma - agg. (n=5),8.0,0.002393784,mg/l,0.002394
Smith 1987 - 0.75 mg - Triazolam - IV - 0.75 mg - Plasma - agg. (n=5),12.0,0.0013716867,mg/l,0.001372
Smith 1987 - 1.0 mg - Triazolam - IV - 1 mg - Plasma - agg. (n=5),0.0417,0.0478342026,mg/l,0.047834
Smith 1987 - 1.0 mg - Triazolam - IV - 1 mg - Plasma - agg. (n=5),0.1,0.0313857161,mg/l,0.031386
Smith 1987 - 1.0 mg - Triazolam - IV - 1 mg - Plasma - agg. (n=5),0.25,0.0246693026,mg/l,0.024669
Smith 1987 - 1.0 mg - Triazolam - IV - 1 mg - Plasma - agg. (n=5),0.5,0.017984651,mg/l,0.017985
Smith 1987 - 1.0 mg - Triazolam - IV - 1 mg - Plasma - agg. (n=5),1.0,0.016431842,mg/l,0.016432
Smith 1987 - 1.0 mg - Triazolam - IV - 1 mg - Plasma - agg. (n=5),1.5,0.0152407577,mg/l,0.015241
Smith 1987 - 1.0 mg - Triazolam - IV - 1 mg - Plasma - agg. (n=5),2.0,0.0123453448,mg/l,0.012345
Smith 1987 - 1.0 mg - Triazolam - IV - 1 mg - Plasma - agg. (n=5),3.0,0.0111109614,mg/l,0.011111
Smith 1987 - 1.0 mg - Triazolam - IV - 1 mg - Plasma - agg. (n=5),4.0,0.009415778,mg/l,0.009416
Smith 1987 - 1.0 mg - Triazolam - IV - 1 mg - Plasma - agg. (n=5),6.0,0.00729029439,mg/l,0.00729
Smith 1987 - 1.0 mg - Triazolam - IV - 1 mg - Plasma - agg. (n=5),8.0,0.004572259,mg/l,0.004572
Smith 1987 - 1.0 mg - Triazolam - IV - 1 mg - Plasma - agg. (n=5),12.0,0.00286758528,mg/l,0.002868
Varhe 1994 - Triazolam + placebo - Triazolam - PO - 0.25 mg - Plasma - agg. (n=9),0.6667,0.0007859425,mg/l,0.000786
Varhe 1994 - Triazolam + placebo - Triazolam - PO - 0.25 mg - Plasma - agg. (n=9),1.0,0.00115655013,mg/l,0.001157
Varhe 1994 - Triazolam + placebo - Triazolam - PO - 0.25 mg - Plasma - agg. (n=9),1.5,0.001354633,mg/l,0.001355
Varhe 1994 - Triazolam + placebo - Triazolam - PO - 0.25 mg - Plasma - agg. (n=9),2.0,0.00132268411,mg/l,0.001323
Varhe 1994 - Triazolam + placebo - Triazolam - PO - 0.25 mg - Plasma - agg. (n=9),2.5,0.001188498,mg/l,0.001188
Varhe 1994 - Triazolam + placebo - Triazolam - PO - 0.25 mg - Plasma - agg. (n=9),3.0,0.00111821108,mg/l,0.001118
Varhe 1994 - Triazolam + placebo - Triazolam - PO - 0.25 mg - Plasma - agg. (n=9),4.0,0.0008945687,mg/l,0.000895
Varhe 1994 - Triazolam + placebo - Triazolam - PO - 0.25 mg - Plasma - agg. (n=9),5.0,0.0006645367,mg/l,0.000665
Varhe 1994 - Triazolam + placebo - Triazolam - PO - 0.25 mg - Plasma - agg. (n=9),6.0,0.000568690069,mg/l,0.000569
Varhe 1994 - Triazolam + placebo - Triazolam - PO - 0.25 mg - Plasma - agg. (n=9),7.0,0.000364217325,mg/l,0.000364
Varhe 1996a - Triazolam + placebo - Triazolam - PO - 0.25 mg - Plasma - agg. (n=12),0.5,0.00060940953,mg/l,0.000609
Varhe 1996a - Triazolam + placebo - Triazolam - PO - 0.25 mg - Plasma - agg. (n=12),1.0,0.0013554,mg/l,0.001355
Varhe 1996a - Triazolam + placebo - Triazolam - PO - 0.25 mg - Plasma - agg. (n=12),1.5,0.0016734,mg/l,0.001673
Varhe 1996a - Triazolam + placebo - Triazolam - PO - 0.25 mg - Plasma - agg. (n=12),2.0,0.0017451,mg/l,0.001745
Varhe 1996a - Triazolam + placebo - Triazolam - PO - 0.25 mg - Plasma - agg. (n=12),3.0,0.0015022,mg/l,0.001502
Varhe 1996a - Triazolam + placebo - Triazolam - PO - 0.25 mg - Plasma - agg. (n=12),4.0,0.00121389993,mg/l,0.001214
Varhe 1996a - Triazolam + placebo - Triazolam - PO - 0.25 mg - Plasma - agg. (n=12),5.0,0.000933199946,mg/l,0.000933
Varhe 1996a - Triazolam + placebo - Triazolam - PO - 0.25 mg - Plasma - agg. (n=12),6.0,0.0007698,mg/l,0.00077
Varhe 1996a - Triazolam + placebo - Triazolam - PO - 0.25 mg - Plasma - agg. (n=12),7.0,0.00062919996,mg/l,0.000629
Varhe 1996a - Triazolam + placebo - Triazolam - PO - 0.25 mg - Plasma - agg. (n=12),17.0,8.69e-05,mg/l,8.7e-05
Varhe 1996b - Triazolam + placebo - Triazolam - PO - 0.25 mg - Plasma - agg. (n=10),0.5,0.00119308394,mg/l,0.001193
Varhe 1996b - Triazolam + placebo - Triazolam - PO - 0.25 mg - Plasma - agg. (n=10),1.0,0.00191676407,mg/l,0.001917
Varhe 1996b - Triazolam + placebo - Triazolam - PO - 0.25 mg - Plasma - agg. (n=10),1.5,0.00193420507,mg/l,0.001934
Varhe 1996b - Triazolam + placebo - Triazolam - PO - 0.25 mg - Plasma - agg. (n=10),2.0,0.001821737,mg/l,0.001822
Varhe 1996b - Triazolam + placebo - Triazolam - PO - 0.25 mg - Plasma - agg. (n=10),3.0,0.001551549,mg/l,0.001552
Varhe 1996b - Triazolam + placebo - Triazolam - PO - 0.25 mg - Plasma - agg. (n=10),4.0,0.001292643,mg/l,0.001293
Varhe 1996b - Triazolam + placebo - Triazolam - PO - 0.25 mg - Plasma - agg. (n=10),5.0,0.0009716077,mg/l,0.000972
Varhe 1996b - Triazolam + placebo - Triazolam - PO - 0.25 mg - Plasma - agg. (n=10),6.0,0.0008708955,mg/l,0.000871
Varhe 1996b - Triazolam + placebo - Triazolam - PO - 0.25 mg - Plasma - agg. (n=10),7.0,0.000662855338,mg/l,0.000663
Varhe 1996b - Triazolam + placebo - Triazolam - PO - 0.25 mg - Plasma - agg. (n=10),17.0,0.000119136894,mg/l,0.000119
Varhe 1996c - Triazolam + placebo - Triazolam - PO - 0.25 mg - Plasma - agg. (n=8),0.5,0.0008670213,mg/l,0.000867
Varhe 1996c - Triazolam + placebo - Triazolam - PO - 0.25 mg - Plasma - agg. (n=8),1.0,0.0014680851,mg/l,0.001468
Varhe 1996c - Triazolam + placebo - Triazolam - PO - 0.25 mg - Plasma - agg. (n=8),1.5,0.001398936,mg/l,0.001399
Varhe 1996c - Triazolam + placebo - Triazolam - PO - 0.25 mg - Plasma - agg. (n=8),2.0,0.001351064,mg/l,0.001351
Varhe 1996c - Triazolam + placebo - Triazolam - PO - 0.25 mg - Plasma - agg. (n=8),3.0,0.00105851109,mg/l,0.001059
Varhe 1996c - Triazolam + placebo - Triazolam - PO - 0.25 mg - Plasma - agg. (n=8),4.0,0.0009202127,mg/l,0.00092
Varhe 1996c - Triazolam + placebo - Triazolam - PO - 0.25 mg - Plasma - agg. (n=8),5.0,0.0007393617,mg/l,0.000739
Varhe 1996c - Triazolam + placebo - Triazolam - PO - 0.25 mg - Plasma - agg. (n=8),6.0,0.0005797873,mg/l,0.00058
Varhe 1996c - Triazolam + placebo - Triazolam - PO - 0.25 mg - Plasma - agg. (n=8),7.0,0.000484042626,mg/l,0.000484
Varhe 1996c - Triazolam + placebo - Triazolam - PO - 0.25 mg - Plasma - agg. (n=8),18.0,2.12766e-05,mg/l,2.1e-05
Villikka 1997 - Triazolam + placebo - Triazolam - PO - 0.5 mg - Plasma - agg. (n=10),0.5,0.000834999955,mg/l,0.000835
Villikka 1997 - Triazolam + placebo - Triazolam - PO - 0.5 mg - Plasma - agg. (n=10),1.0,0.001925,mg/l,0.001925
Villikka 1997 - Triazolam + placebo - Triazolam - PO - 0.5 mg - Plasma - agg. (n=10),1.5,0.002373,mg/l,0.002373
Villikka 1997 - Triazolam + placebo - Triazolam - PO - 0.5 mg - Plasma - agg. (n=10),2.0,0.00250500022,mg/l,0.002505
Villikka 1997 - Triazolam + placebo - Triazolam - PO - 0.5 mg - Plasma - agg. (n=10),3.0,0.00229399977,mg/l,0.002294
Villikka 1997 - Triazolam + placebo - Triazolam - PO - 0.5 mg - Plasma - agg. (n=10),4.0,0.001779,mg/l,0.001779
Villikka 1997 - Triazolam + placebo - Triazolam - PO - 0.5 mg - Plasma - agg. (n=10),5.0,0.001369,mg/l,0.001369
Villikka 1997 - Triazolam + placebo - Triazolam - PO - 0.5 mg - Plasma - agg. (n=10),6.0,0.00109700009,mg/l,0.001097
Villikka 1997 - Triazolam + placebo - Triazolam - PO - 0.5 mg - Plasma - agg. (n=10),8.0,0.000657,mg/l,0.000657
Villikka 1997 - Triazolam + placebo - Triazolam - PO - 0.5 mg - Plasma - agg. (n=10),10.0,0.00038,mg/l,0.00038
Villikka 1998 - Triazolam + placebo - Triazolam - PO - 0.5 mg - Plasma - agg. (n=10),0.5,0.00149324292,mg/l,0.001493
Villikka 1998 - Triazolam + placebo - Triazolam - PO - 0.5 mg - Plasma - agg. (n=10),1.0,0.00268243183,mg/l,0.002682
Villikka 1998 - Triazolam + placebo - Triazolam - PO - 0.5 mg - Plasma - agg. (n=10),1.5,0.00293918885,mg/l,0.002939
Villikka 1998 - Triazolam + placebo - Triazolam - PO - 0.5 mg - Plasma - agg. (n=10),2.0,0.002743243,mg/l,0.002743
Villikka 1998 - Triazolam + placebo - Triazolam - PO - 0.5 mg - Plasma - agg. (n=10),3.0,0.00228378386,mg/l,0.002284
Villikka 1998 - Triazolam + placebo - Triazolam - PO - 0.5 mg - Plasma - agg. (n=10),4.0,0.00156081107,mg/l,0.001561
Villikka 1998 - Triazolam + placebo - Triazolam - PO - 0.5 mg - Plasma - agg. (n=10),5.0,0.00116891891,mg/l,0.001169
Villikka 1998 - Triazolam + placebo - Triazolam - PO - 0.5 mg - Plasma - agg. (n=10),6.0,0.0008581081,mg/l,0.000858
Villikka 1998 - Triazolam + placebo - Triazolam - PO - 0.5 mg - Plasma - agg. (n=10),8.0,0.000459459523,mg/l,0.000459
Villikka 1998 - Triazolam + placebo - Triazolam - PO - 0.5 mg - Plasma - agg. (n=10),10.0,0.000277027022,mg/l,0.000277
